,PassengerId,Survived,Pclass,Name,Sex,Age,SibSp,Parch,Ticket,Fare,Cabin,Embarked
0,29,1,3,"O'Dwyer, Miss. Ellen ""Nellie""",female,0.0,0,0,330959,7.8792,0,Q
1,594,0,3,"Bourke, Miss. Mary",female,0.0,0,2,364848,7.75,0,Q
2,458,1,1,"Kenyon, Mrs. Frederick R (Marion)",female,0.0,1,0,17464,51.8625,D21,S
3,455,0,3,"Peduzzi, Mr. Joseph",male,0.0,0,0,A/5 2817,8.05,0,S
4,452,0,3,"Hagland, Mr. Ingvald Olai Olsen",male,0.0,1,0,65303,19.9667,0,S
5,590,0,3,"Murdlin, Mr. Joseph",male,0.0,0,0,A./5. 3235,8.05,0,S
6,585,0,3,"Paulner, Mr. Uscher",male,0.0,0,0,3411,8.7125,0,C
7,603,0,1,"Harrington, Mr. Charles H",male,0.0,0,0,113796,42.4,0,S
8,445,1,3,"Johannesen-Bratthammer, Mr. Bernt",male,0.0,0,0,65306,8.1125,0,S
9,602,0,3,"Slabenoff, Mr. Petco",male,0.0,0,0,349214,7.8958,0,S
10,482,0,2,"Frost, Mr. Anthony Wood ""Archie""",male,0.0,0,0,239854,0.0,0,S
11,599,0,3,"Boulos, Mr. Hanna",male,0.0,0,0,2664,7.225,0,C
12,597,1,2,"Leitch, Miss. Jessie Wills",female,0.0,0,0,248727,33.0,0,S
13,307,1,1,"Fleming, Miss. Margaret",female,0.0,0,0,17421,110.8833,0,C
14,889,0,3,"Johnston, Miss. Catherine Helen ""Carrie""",female,0.0,1,2,W./C. 6607,23.45,0,S
15,847,0,3,"Sage, Mr. Douglas Bullen",male,0.0,8,2,CA. 2343,69.55,0,S
16,18,1,2,"Williams, Mr. Charles Eugene",male,0.0,0,0,244373,13.0,0,S
17,83,1,3,"McDermott, Miss. Brigdet Delia",female,0.0,0,0,330932,7.7875,0,Q
18,528,0,1,"Farthing, Mr. John",male,0.0,0,0,PC 17483,221.7792,C95,S
19,78,0,3,"Moutal, Mr. Rahamin Haim",male,0.0,0,0,374746,8.05,0,S
20,77,0,3,"Staneff, Mr. Ivan",male,0.0,0,0,349208,7.8958,0,S
21,654,1,3,"O'Leary, Miss. Hanora ""Norah""",female,0.0,0,0,330919,7.8292,0,Q
22,651,0,3,"Mitkoff, Mr. Mito",male,0.0,0,0,349221,7.8958,0,S
23,66,1,3,"Moubarek, Master. Gerios",male,0.0,1,1,2661,15.2458,0,C
24,65,0,1,"Stewart, Mr. Albert A",male,0.0,0,0,PC 17605,27.7208,0,C
25,649,0,3,"Willey, Mr. Edward",male,0.0,0,0,S.O./P.P. 751,7.55,0,S
26,644,1,3,"Foo, Mr. Choong",male,0.0,0,0,1601,56.4958,0,S
27,257,1,1,"Thorne, Mrs. Gertrude Maybelle",female,0.0,0,0,PC 17585,79.2,0,C
28,56,1,1,"Woolner, Mr. Hugh",male,0.0,0,0,19947,35.5,C52,S
29,251,0,3,"Reed, Mr. James George",male,0.0,0,0,362316,7.25,0,S
30,850,1,1,"Goldenberg, Mrs. Samuel L (Edwiga Grabowska)",female,0.0,1,0,17453,89.1042,C92,C
31,838,0,3,"Sirota, Mr. Maurice",male,0.0,0,0,392092,8.05,0,S
32,675,0,2,"Watson, Mr. Ennis Hastings",male,0.0,0,0,239856,0.0,0,S
33,33,1,3,"Glynn, Miss. Mary Agatha",female,0.0,0,0,335677,7.75,0,Q
34,32,1,1,"Spencer, Mrs. William Augustus (Marie Eugenie)",female,0.0,1,0,PC 17569,146.5208,B78,C
35,30,0,3,"Todoroff, Mr. Lalio",male,0.0,0,0,349216,7.8958,0,S
36,469,0,3,"Scanlan, Mr. James",male,0.0,0,0,36209,7.725,0,Q
37,27,0,3,"Emir, Mr. Farred Chehab",male,0.0,0,0,2631,7.225,0,C
38,670,1,1,"Taylor, Mrs. Elmer Zebley (Juliet Cummins Wright)",female,0.0,1,0,19996,52.0,C126,S
39,668,0,3,"Rommetvedt, Mr. Knud Paust",male,0.0,0,0,312993,7.775,0,S
40,242,1,3,"Murphy, Miss. Katherine ""Kate""",female,0.0,1,0,367230,15.5,0,Q
41,548,1,2,"Padro y Manent, Mr. Julian",male,0.0,0,0,SC/PARIS 2146,13.8625,0,C
42,336,0,3,"Denkoff, Mr. Mitto",male,0.0,0,0,349225,7.8958,0,S
43,335,1,1,"Frauenthal, Mrs. Henry William (Clara Heinsheimer)",female,0.0,1,0,PC 17611,133.65,0,S
44,241,0,3,"Zabour, Miss. Thamine",female,0.0,1,0,2665,14.4542,0,C
45,331,1,3,"McCoy, Miss. Agnes",female,0.0,2,0,367226,23.25,0,Q
46,826,0,3,"Flynn, Mr. John",male,0.0,0,0,368323,6.95,0,Q
47,236,0,3,"Harknett, Miss. Alice Phoebe",female,0.0,0,0,W./C. 6609,7.55,0,S
48,496,0,3,"Yousseff, Mr. Gerious",male,0.0,0,0,2627,14.4583,0,C
49,102,0,3,"Petroff, Mr. Pastcho (""Pentcho"")",male,0.0,0,0,349215,7.8958,0,S
50,816,0,1,"Fry, Mr. Richard",male,0.0,0,0,112058,0.0,B102,S
51,230,0,3,"Lefebre, Miss. Mathilde",female,0.0,3,1,4133,25.4667,0,S
52,369,1,3,"Jermyn, Miss. Annie",female,0.0,0,0,14313,7.75,0,Q
53,96,0,3,"Shorney, Mr. Charles Joseph",male,0.0,0,0,374910,8.05,0,S
54,88,0,3,"Slocovski, Mr. Selman Francis",male,0.0,0,0,SOTON/OQ 392086,8.05,0,S
55,368,1,3,"Moussa, Mrs. (Mantoura Boulos)",female,0.0,0,0,2626,7.2292,0,C
56,365,0,3,"O'Brien, Mr. Thomas",male,0.0,1,0,370365,15.5,0,Q
57,833,0,3,"Saad, Mr. Amin",male,0.0,0,0,2671,7.2292,0,C
58,360,1,3,"Mockler, Miss. Helen Mary ""Ellie""",female,0.0,0,0,330980,7.8792,0,Q
59,640,0,3,"Thorneycroft, Mr. Percival",male,0.0,1,0,376564,16.1,0,S
60,829,1,3,"McCormack, Mr. Thomas Joseph",male,0.0,0,0,367228,7.75,0,Q
61,634,0,1,"Parr, Mr. William Henry Marsh",male,0.0,0,0,112052,0.0,0,S
62,827,0,3,"Lam, Mr. Len",male,0.0,0,0,1601,56.4958,0,S
63,630,0,3,"O'Connell, Mr. Patrick D",male,0.0,0,0,334912,7.7333,0,Q
64,275,1,3,"Healy, Miss. Hanora ""Nora""",female,0.0,0,0,370375,7.75,0,Q
65,271,0,1,"Cairns, Mr. Alexander",male,0.0,0,0,113798,31.0,0,S
66,265,0,3,"Henry, Miss. Delia",female,0.0,0,0,382649,7.75,0,Q
67,261,0,3,"Smith, Mr. Thomas",male,0.0,0,0,384461,7.75,0,Q
68,110,1,3,"Moran, Miss. Bertha",female,0.0,1,0,371110,24.15,0,Q
69,108,1,3,"Moss, Mr. Albert Johan",male,0.0,0,0,312991,7.775,0,S
70,471,0,3,"Keefe, Mr. Arthur",male,0.0,0,0,323592,7.25,0,S
71,657,0,3,"Radeff, Mr. Alexander",male,0.0,0,0,349223,7.8958,0,S
72,296,0,1,"Lewy, Mr. Ervin G",male,0.0,0,0,PC 17612,27.7208,0,C
73,614,0,3,"Horgan, Mr. John",male,0.0,0,0,370377,7.75,0,Q
74,432,1,3,"Thorneycroft, Mrs. Percival (Florence Kate White)",female,0.0,1,0,376564,16.1,0,S
75,429,0,3,"Flynn, Mr. James",male,0.0,0,0,364851,7.75,0,Q
76,426,0,3,"Wiseman, Mr. Phillippe",male,0.0,0,0,A/4. 34244,7.25,0,S
77,421,0,3,"Gheorgheff, Mr. Stanio",male,0.0,0,0,349254,7.8958,0,C
78,613,1,3,"Murphy, Miss. Margaret Jane",female,0.0,1,0,367230,15.5,0,Q
79,498,0,3,"Shellard, Mr. Frederick William",male,0.0,0,0,C.A. 6212,15.1,0,S
80,612,0,3,"Jardin, Mr. Jose Neto",male,0.0,0,0,SOTON/O.Q. 3101305,7.05,0,S
81,285,0,1,"Smith, Mr. Richard William",male,0.0,0,0,113056,26.0,A19,S
82,779,0,3,"Kilgannon, Mr. Thomas J",male,0.0,0,0,36865,7.7375,0,Q
83,278,0,2,"Parkes, Mr. Francis ""Frank""",male,0.0,0,0,239853,0.0,0,S
84,777,0,3,"Tobin, Mr. Roger",male,0.0,0,0,383121,7.75,F38,Q
85,774,0,3,"Elias, Mr. Dibo",male,0.0,0,0,2674,7.225,0,C
86,129,1,3,"Peter, Miss. Anna",female,0.0,1,1,2668,22.3583,F E69,C
87,127,0,3,"McMahon, Mr. Martin",male,0.0,0,0,370372,7.75,0,Q
88,539,0,3,"Risien, Mr. Samuel Beard",male,0.0,0,0,364498,14.5,0,S
89,122,0,3,"Moore, Mr. Leonard Charles",male,0.0,0,0,A4. 54510,8.05,0,S
90,532,0,3,"Toufik, Mr. Nakli",male,0.0,0,0,2641,7.2292,0,C
91,49,0,3,"Samaan, Mr. Youssef",male,0.0,2,0,2662,21.6792,0,C
92,794,0,1,"Hoyt, Mr. William Fisher",male,0.0,0,0,PC 17600,30.6958,0,C
93,793,0,3,"Sage, Miss. Stella Anna",female,0.0,8,2,CA. 2343,69.55,0,S
94,48,1,3,"O'Driscoll, Miss. Bridget",female,0.0,0,0,14311,7.75,0,Q
95,791,0,3,"Keane, Mr. Andrew ""Andy""",male,0.0,0,0,12460,7.75,0,Q
96,47,0,3,"Lennon, Mr. Denis",male,0.0,1,0,370371,15.5,0,Q
97,491,0,3,"Hagland, Mr. Konrad Mathias Reiersen",male,0.0,1,0,65304,19.9667,0,S
98,46,0,3,"Rogers, Mr. William John",male,0.0,0,0,S.C./A.4. 23567,8.05,0,S
99,486,0,3,"Lefebre, Miss. Jeannie",female,0.0,3,1,4133,25.4667,0,S
100,416,0,3,"Meek, Mrs. Thomas (Annie Louise Rowley)",female,0.0,0,0,343095,8.05,0,S
101,414,0,2,"Cunningham, Mr. Alfred Fleming",male,0.0,0,0,239853,0.0,0,S
102,412,0,3,"Hart, Mr. Henry",male,0.0,0,0,394140,6.8583,0,Q
103,411,0,3,"Sdycoff, Mr. Todor",male,0.0,0,0,349222,7.8958,0,S
104,410,0,3,"Lefebre, Miss. Ida",female,0.0,3,1,4133,25.4667,0,S
105,43,0,3,"Kraeff, Mr. Theodor",male,0.0,0,0,349253,7.8958,0,C
106,512,0,3,"Webber, Mr. James",male,0.0,0,0,SOTON/OQ 3101316,8.05,0,S
107,761,0,3,"Garfirth, Mr. John",male,0.0,0,0,358585,14.5,0,S
108,20,1,3,"Masselmani, Mrs. Fatima",female,0.0,0,0,2649,7.225,0,C
109,141,0,3,"Boulos, Mrs. Joseph (Sultana)",female,0.0,0,2,2678,15.2458,0,C
110,305,0,3,"Williams, Mr. Howard Hugh ""Harry""",male,0.0,0,0,A/5 2466,8.05,0,S
111,784,0,3,"Johnston, Mr. Andrew G",male,0.0,1,2,W./C. 6607,23.45,0,S
112,167,1,1,"Chibnall, Mrs. (Edith Martha Bowerman)",female,0.0,0,1,113505,55.0,E33,S
113,304,1,2,"Keane, Miss. Nora A",female,0.0,0,0,226593,12.35,E101,Q
114,302,1,3,"McCoy, Mr. Bernard",male,0.0,2,0,367226,23.25,0,Q
115,301,1,3,"Kelly, Miss. Anna Katherine ""Annie Kate""",female,0.0,0,0,9234,7.75,0,Q
116,299,1,1,"Saalfeld, Mr. Adolphe",male,0.0,0,0,19988,30.5,C106,S
117,6,0,3,"Moran, Mr. James",male,0.0,0,0,330877,8.4583,0,Q
118,467,0,2,"Campbell, Mr. William",male,0.0,0,0,239853,0.0,0,S
119,741,1,1,"Hawksford, Mr. Walter James",male,0.0,0,0,16988,30.0,D45,S
120,740,0,3,"Nankoff, Mr. Minko",male,0.0,0,0,349218,7.8958,0,S
121,160,0,3,"Sage, Master. Thomas Henry",male,0.0,8,2,CA. 2343,69.55,0,S
122,159,0,3,"Smiljanic, Mr. Mile",male,0.0,0,0,315037,8.6625,0,S
123,465,0,3,"Maisner, Mr. Simon",male,0.0,0,0,A/S 2816,8.05,0,S
124,155,0,3,"Olsen, Mr. Ole Martin",male,0.0,0,0,Fa 265302,7.3125,0,S
125,460,0,3,"O'Connor, Mr. Maurice",male,0.0,0,0,371060,7.75,0,Q
126,769,0,3,"Moran, Mr. Daniel J",male,0.0,1,0,371110,24.15,0,Q
127,767,0,1,"Brewe, Dr. Arthur Jackson",male,0.0,0,0,112379,39.6,0,C
128,37,1,3,"Mamee, Mr. Hanna",male,0.0,0,0,2677,7.2292,0,C
129,187,1,3,"O'Brien, Mrs. Thomas (Johanna ""Hannah"" Godfrey)",female,0.0,1,0,370365,15.5,0,Q
130,186,0,1,"Rood, Mr. Hugh Roscoe",male,0.0,0,0,113767,50.0,A32,S
131,864,0,3,"Sage, Miss. Dorothy Edith ""Dolly""",female,0.0,8,2,CA. 2343,69.55,0,S
132,860,0,3,"Razi, Mr. Raihed",male,0.0,0,0,2629,7.2292,0,C
133,476,0,1,"Clifford, Mr. George Quincy",male,0.0,0,0,110465,52.0,A14,S
134,182,0,2,"Pernot, Mr. Rene",male,0.0,0,0,SC/PARIS 2131,15.05,0,C
135,181,0,3,"Sage, Miss. Constance Gladys",female,0.0,8,2,CA. 2343,69.55,0,S
136,739,0,3,"Ivanoff, Mr. Kanio",male,0.0,0,0,349201,7.8958,0,S
137,733,0,2,"Knight, Mr. Robert J",male,0.0,0,0,239855,0.0,0,S
138,840,1,1,"Marechal, Mr. Pierre",male,0.0,0,0,11774,29.7,C47,C
139,728,1,3,"Mannion, Miss. Margareth",female,0.0,0,0,36866,7.7375,0,Q
140,177,0,3,"Lefebre, Master. Henry Forbes",male,0.0,3,1,4133,25.4667,0,S
141,879,0,3,"Laleff, Mr. Kristo",male,0.0,0,0,349217,7.8958,0,S
142,869,0,3,"van Melkebeke, Mr. Philemon",male,0.0,0,0,345777,9.5,0,S
143,169,0,1,"Baumann, Mr. John D",male,0.0,0,0,PC 17318,25.925,0,S
144,199,1,3,"Madigan, Miss. Margaret ""Maggie""",female,0.0,0,0,370370,7.75,0,Q
145,534,1,3,"Peter, Mrs. Catherine (Catherine Rizk)",female,0.0,0,2,2668,22.3583,0,C
146,325,0,3,"Sage, Mr. George John Jr",male,0.0,8,2,CA. 2343,69.55,0,S
147,579,0,3,"Caram, Mrs. Joseph (Maria Elias)",female,0.0,1,0,2689,14.4583,0,C
148,574,1,3,"Kelly, Miss. Mary",female,0.0,0,0,14312,7.75,0,Q
149,569,0,3,"Doharr, Mr. Tannous",male,0.0,0,0,2686,7.2292,0,C
150,359,1,3,"McGovern, Miss. Mary",female,0.0,0,0,330931,7.8792,0,Q
151,355,0,3,"Yousif, Mr. Wazli",male,0.0,0,0,2647,7.225,0,C
152,352,0,1,"Williams-Lambert, Mr. Fletcher Fellows",male,0.0,0,0,113510,35.0,C128,S
153,348,1,3,"Davison, Mrs. Thomas Henry (Mary E Finck)",female,0.0,1,0,386525,16.1,0,S
154,561,0,3,"Morrow, Mr. Thomas Rowan",male,0.0,0,0,372622,7.75,0,Q
155,197,0,3,"Mernagh, Mr. Robert",male,0.0,0,0,368703,7.75,0,Q
156,215,0,3,"Kiernan, Mr. Philip",male,0.0,1,0,367229,7.75,0,Q
157,719,0,3,"McEvoy, Mr. Michael",male,0.0,0,0,36568,15.5,0,Q
158,712,0,1,"Klaber, Mr. Herman",male,0.0,0,0,113028,26.55,C124,S
159,710,1,3,"Moubarek, Master. Halim Gonios (""William George"")",male,0.0,1,1,2661,15.2458,0,C
160,202,0,3,"Sage, Mr. Frederick",male,0.0,8,2,CA. 2343,69.55,0,S
161,508,1,1,"Bradley, Mr. George (""George Arthur Brayton"")",male,0.0,0,0,111427,26.55,0,S
162,503,0,3,"O'Sullivan, Miss. Bridget Mary",female,0.0,0,0,330909,7.6292,0,Q
163,389,0,3,"Sadlier, Mr. Matthew",male,0.0,0,0,367655,7.7292,0,Q
164,525,0,3,"Kassem, Mr. Fared",male,0.0,0,0,2700,7.2292,0,C
165,523,0,3,"Lahoud, Mr. Sarkis",male,0.0,0,0,2624,7.225,0,C
166,518,0,3,"Ryan, Mr. Patrick",male,0.0,0,0,371110,24.15,0,Q
167,385,0,3,"Plotcharsky, Mr. Vasil",male,0.0,0,0,349227,7.8958,0,S
168,376,1,1,"Meyer, Mrs. Edgar Joseph (Leila Saks)",female,0.0,1,0,PC 17604,82.1708,0,C
169,681,0,3,"Peters, Miss. Katie",female,0.0,0,0,330935,8.1375,0,Q
170,698,1,3,"Mullens, Miss. Katherine ""Katie""",female,0.0,0,0,35852,7.7333,0,Q
171,693,1,3,"Lam, Mr. Ali",male,0.0,0,0,1601,56.4958,0,S
172,224,0,3,"Nenkoff, Mr. Christo",male,0.0,0,0,349234,7.8958,0,S
173,558,0,1,"Robbins, Mr. Victor",male,0.0,0,0,PC 17757,227.525,0,C
174,553,0,3,"O'Brien, Mr. Timothy",male,0.0,0,0,330979,7.8292,0,Q
175,565,0,3,"Meanwell, Miss. (Marion Ogden)",female,0.0,0,0,SOTON/O.Q. 392087,8.05,0,S
176,564,0,3,"Simmons, Mr. John",male,0.0,0,0,SOTON/OQ 392082,8.05,0,S
177,804,1,3,"Thomas, Master. Assad Alexander",male,0.42,0,1,2625,8.5167,0,C
178,756,1,2,"Hamalainen, Master. Viljo",male,0.67,1,1,250649,14.5,0,S
179,645,1,3,"Baclini, Miss. Eugenie",female,0.75,2,1,2666,19.2583,0,C
180,470,1,3,"Baclini, Miss. Helene Barbara",female,0.75,2,1,2666,19.2583,0,C
181,832,1,2,"Richards, Master. George Sibley",male,0.83,1,1,29106,18.75,0,S
182,79,1,2,"Caldwell, Master. Alden Gates",male,0.83,0,2,248738,29.0,0,S
183,306,1,1,"Allison, Master. Hudson Trevor",male,0.92,1,2,113781,151.55,C22 C26,S
184,165,0,3,"Panula, Master. Eino Viljami",male,1.0,4,1,3101295,39.6875,0,S
185,173,1,3,"Johnson, Miss. Eleanor Ileen",female,1.0,1,1,347742,11.1333,0,S
186,382,1,3,"Nakid, Miss. Maria (""Mary"")",female,1.0,0,2,2653,15.7417,0,C
187,828,1,2,"Mallet, Master. Andre",male,1.0,0,2,S.C./PARIS 2079,37.0042,0,C
188,789,1,3,"Dean, Master. Bertram Vere",male,1.0,1,2,C.A. 2315,20.575,0,S
189,387,0,3,"Goodwin, Master. Sidney Leonard",male,1.0,5,2,CA 2144,46.9,0,S
190,184,1,2,"Becker, Master. Richard F",male,1.0,2,1,230136,39.0,F4,S
191,480,1,3,"Hirvonen, Miss. Hildur E",female,2.0,0,1,3101298,12.2875,0,S
192,643,0,3,"Skoog, Miss. Margit Elizabeth",female,2.0,3,2,347088,27.9,0,S
193,206,0,3,"Strom, Miss. Telma Matilda",female,2.0,0,1,347054,10.4625,G6,S
194,825,0,3,"Panula, Master. Urho Abraham",male,2.0,4,1,3101295,39.6875,0,S
195,120,0,3,"Andersson, Miss. Ellis Anna Maria",female,2.0,4,2,347082,31.275,0,S
196,8,0,3,"Palsson, Master. Gosta Leonard",male,2.0,3,1,349909,21.075,0,S
197,17,0,3,"Rice, Master. Eugene",male,2.0,4,1,382652,29.125,0,Q
198,298,0,1,"Allison, Miss. Helen Loraine",female,2.0,1,2,113781,151.55,C22 C26,S
199,531,1,2,"Quick, Miss. Phyllis May",female,2.0,1,1,26360,26.0,0,S
200,341,1,2,"Navratil, Master. Edmond Roger",male,2.0,1,1,230080,26.0,F2,S
201,262,1,3,"Asplund, Master. Edvin Rojj Felix",male,3.0,4,2,347077,31.3875,0,S
202,349,1,3,"Coutts, Master. William Loch ""William""",male,3.0,1,1,C.A. 37671,15.9,0,S
203,408,1,2,"Richards, Master. William Rowe",male,3.0,1,1,29106,18.75,0,S
204,375,0,3,"Palsson, Miss. Stina Viola",female,3.0,3,1,349909,21.075,0,S
205,194,1,2,"Navratil, Master. Michel M",male,3.0,1,1,230080,26.0,F2,S
206,44,1,2,"Laroche, Miss. Simonne Marie Anne Andree",female,3.0,1,2,SC/Paris 2123,41.5792,0,C
207,446,1,1,"Dodge, Master. Washington",male,4.0,0,2,33638,81.8583,A34,S
208,64,0,3,"Skoog, Master. Harald",male,4.0,3,2,347088,27.9,0,S
209,851,0,3,"Andersson, Master. Sigvard Harald Elias",male,4.0,4,2,347082,31.275,0,S
210,870,1,3,"Johnson, Master. Harold Theodor",male,4.0,1,1,347742,11.1333,0,S
211,692,1,3,"Karun, Miss. Manca",female,4.0,0,1,349256,13.4167,0,C
212,619,1,2,"Becker, Miss. Marion Louise",female,4.0,2,1,230136,39.0,F4,S
213,172,0,3,"Rice, Master. Arthur",male,4.0,4,1,382652,29.125,0,Q
214,185,1,3,"Kink-Heilmann, Miss. Luise Gretchen",female,4.0,0,2,315153,22.025,0,S
215,751,1,2,"Wells, Miss. Joan",female,4.0,1,1,29103,23.0,0,S
216,11,1,3,"Sandstrom, Miss. Marguerite Rut",female,4.0,1,1,PP 9549,16.7,G6,S
217,449,1,3,"Baclini, Miss. Marie Catherine",female,5.0,2,1,2666,19.2583,0,C
218,234,1,3,"Asplund, Miss. Lillian Gertrud",female,5.0,4,2,347077,31.3875,0,S
219,778,1,3,"Emanuel, Miss. Virginia Ethel",female,5.0,0,0,364516,12.475,0,S
220,59,1,2,"West, Miss. Constance Mirium",female,5.0,1,2,C.A. 34651,27.75,0,S
221,752,1,3,"Moor, Master. Meier",male,6.0,0,1,392096,12.475,E121,S
222,814,0,3,"Andersson, Miss. Ebba Iris Alfrida",female,6.0,4,2,347082,31.275,0,S
223,721,1,2,"Harper, Miss. Annie Jessie ""Nina""",female,6.0,0,1,248727,33.0,0,S
224,51,0,3,"Panula, Master. Juha Niilo",male,7.0,4,1,3101295,39.6875,0,S
225,536,1,2,"Hart, Miss. Eva Miriam",female,7.0,0,2,F.C.C. 13529,26.25,0,S
226,279,0,3,"Rice, Master. Eric",male,7.0,4,1,382652,29.125,0,Q
227,788,0,3,"Rice, Master. George Hugh",male,8.0,4,1,382652,29.125,0,Q
228,550,1,2,"Davies, Master. John Morgan Jr",male,8.0,1,1,C.A. 33112,36.75,0,S
229,238,1,2,"Collyer, Miss. Marjorie ""Lottie""",female,8.0,0,2,C.A. 31921,26.25,0,S
230,25,0,3,"Palsson, Miss. Torborg Danira",female,8.0,3,1,349909,21.075,0,S
231,490,1,3,"Coutts, Master. Eden Leslie ""Neville""",male,9.0,1,1,C.A. 37671,15.9,0,S
232,166,1,3,"Goldsmith, Master. Frank John William ""Frankie""",male,9.0,0,2,363291,20.525,0,S
233,148,0,3,"Ford, Miss. Robina Maggie ""Ruby""",female,9.0,2,2,W./C. 6608,34.375,0,S
234,183,0,3,"Asplund, Master. Clarence Gustaf Hugo",male,9.0,4,2,347077,31.3875,0,S
235,542,0,3,"Andersson, Miss. Ingeborg Constanzia",female,9.0,4,2,347082,31.275,0,S
236,635,0,3,"Skoog, Miss. Mabel",female,9.0,3,2,347088,27.9,0,S
237,481,0,3,"Goodwin, Master. Harold Victor",male,9.0,5,2,CA 2144,46.9,0,S
238,853,0,3,"Boulos, Miss. Nourelain",female,9.0,1,1,2678,15.2458,0,C
239,820,0,3,"Skoog, Master. Karl Thorsten",male,10.0,3,2,347088,27.9,0,S
240,420,0,3,"Van Impe, Miss. Catharina",female,10.0,0,2,345773,24.15,0,S
241,60,0,3,"Goodwin, Master. William Frederick",male,11.0,5,2,CA 2144,46.9,0,S
242,732,0,3,"Hassan, Mr. Houssein G N",male,11.0,0,0,2699,18.7875,0,C
243,803,1,1,"Carter, Master. William Thornton II",male,11.0,1,2,113760,120.0,B96 B98,S
244,543,0,3,"Andersson, Miss. Sigrid Elisabeth",female,11.0,4,2,347082,31.275,0,S
245,126,1,3,"Nicola-Yarred, Master. Elias",male,12.0,1,0,2651,11.2417,0,C
246,781,1,3,"Ayoub, Miss. Banoura",female,13.0,0,0,2687,7.2292,0,C
247,447,1,2,"Mellinger, Miss. Madeleine Violet",female,13.0,0,1,250644,19.5,0,S
248,436,1,1,"Carter, Miss. Lucile Polk",female,14.0,1,2,113760,120.0,B96 B98,S
249,687,0,3,"Panula, Mr. Jaako Arnold",male,14.0,4,1,3101295,39.6875,0,S
250,40,1,3,"Nicola-Yarred, Miss. Jamila",female,14.0,1,0,2651,11.2417,0,C
251,10,1,2,"Nasser, Mrs. Nicholas (Adele Achem)",female,14.0,1,0,237736,30.0708,0,C
252,15,0,3,"Vestrom, Miss. Hulda Amanda Adolfina",female,14.0,0,0,350406,7.8542,0,S
253,684,0,3,"Goodwin, Mr. Charles Edward",male,14.0,5,2,CA 2144,46.9,0,S
254,112,0,3,"Zabour, Miss. Hileni",female,14.5,1,0,2665,14.4542,0,C
255,23,1,3,"McGowan, Miss. Anna ""Annie""",female,15.0,0,0,330923,8.0292,0,Q
256,353,0,3,"Elias, Mr. Tannous",male,15.0,1,1,2695,7.2292,0,C
257,690,1,1,"Madill, Miss. Georgette Alexandra",female,15.0,0,1,24160,211.3375,B5,S
258,831,1,3,"Yasbeck, Mrs. Antoni (Selini Alexander)",female,15.0,1,0,2659,14.4542,0,C
259,876,1,3,"Najib, Miss. Adele Kiamie ""Jane""",female,15.0,0,0,2667,7.225,0,C
260,139,0,3,"Osen, Mr. Olaf Elon",male,16.0,0,0,7534,9.2167,0,S
261,765,0,3,"Eklund, Mr. Hans Linus",male,16.0,0,0,347074,7.775,0,S
262,792,0,2,"Gaskell, Mr. Alfred",male,16.0,0,0,239865,26.0,0,S
263,221,1,3,"Sunderland, Mr. Victor Francis",male,16.0,0,0,SOTON/OQ 392089,8.05,0,S
264,283,0,3,"de Pelsmaeker, Mr. Alfons",male,16.0,0,0,345778,9.5,0,S
265,747,0,3,"Abbott, Mr. Rossmore Edward",male,16.0,1,1,C.A. 2673,20.25,0,S
266,330,1,1,"Hippach, Miss. Jean Gertrude",female,16.0,0,1,111361,57.9792,B18,C
267,854,1,1,"Lines, Miss. Mary Conover",female,16.0,0,1,PC 17592,39.4,D28,S
268,72,0,3,"Goodwin, Miss. Lillian Amy",female,16.0,5,2,CA 2144,46.9,0,S
269,87,0,3,"Ford, Mr. William Neal",male,16.0,1,3,W./C. 6608,34.375,0,S
270,842,0,2,"Mudd, Mr. Thomas Charles",male,16.0,0,0,S.O./P.P. 3,10.5,0,S
271,209,1,3,"Carr, Miss. Helen ""Ellen""",female,16.0,0,0,367231,7.75,0,Q
272,575,0,3,"Rush, Mr. Alfred George John",male,16.0,0,0,A/4. 20589,8.05,0,S
273,334,0,3,"Vander Planke, Mr. Leo Edmondus",male,16.0,2,0,345764,18.0,0,S
274,505,1,1,"Maioni, Miss. Roberta",female,16.0,0,0,110152,86.5,B79,S
275,157,1,3,"Gilnagh, Miss. Katherine ""Katie""",female,16.0,0,0,35851,7.7333,0,Q
276,267,0,3,"Panula, Mr. Ernesti Arvid",male,16.0,4,1,3101295,39.6875,0,S
277,501,0,3,"Calic, Mr. Petar",male,17.0,0,0,315086,8.6625,0,S
278,308,1,1,"Penasco y Castellana, Mrs. Victor de Satode (Maria Josefa Perez de Soto y Vallejo)",female,17.0,1,0,PC 17758,108.9,C65,C
279,551,1,1,"Thayer, Mr. John Borland Jr",male,17.0,0,2,17421,110.8833,C70,C
280,69,1,3,"Andersson, Miss. Erna Alexandra",female,17.0,4,2,3101281,7.925,0,S
281,845,0,3,"Culumovic, Mr. Jeso",male,17.0,0,0,315090,8.6625,0,S
282,85,1,2,"Ilett, Miss. Bertha",female,17.0,0,0,SO/C 14885,10.5,0,S
283,164,0,3,"Calic, Mr. Jovo",male,17.0,0,0,315093,8.6625,0,S
284,115,0,3,"Attalah, Miss. Malake",female,17.0,0,0,2627,14.4583,0,C
285,533,0,3,"Elias, Mr. Joseph Jr",male,17.0,1,1,2690,7.2292,0,C
286,390,1,2,"Lehmann, Miss. Bertha",female,17.0,0,0,SC 1748,12.0,0,C
287,722,0,3,"Jensen, Mr. Svend Lauritz",male,17.0,1,0,350048,7.0542,0,S
288,434,0,3,"Kallio, Mr. Nikolai Erland",male,17.0,0,0,STON/O 2. 3101274,7.125,0,S
289,782,1,1,"Dick, Mrs. Albert Adrian (Vera Gillespie)",female,17.0,1,0,17474,57.0,B20,S
290,856,1,3,"Aks, Mrs. Sam (Leah Rosen)",female,18.0,0,1,392091,9.35,0,S
291,50,0,3,"Arnold-Franchi, Mrs. Josef (Josefine Franchi)",female,18.0,1,0,349237,17.8,0,S
292,39,0,3,"Vander Planke, Miss. Augusta Maria",female,18.0,2,0,345764,18.0,0,S
293,586,1,1,"Taussig, Miss. Ruth",female,18.0,0,2,110413,79.65,E68,S
294,312,1,1,"Ryerson, Miss. Emily Borie",female,18.0,2,2,PC 17608,262.375,B57 B59 B63 B66,C
295,652,1,2,"Doling, Miss. Elsie",female,18.0,0,1,231919,23.0,0,S
296,655,0,3,"Hegarty, Miss. Hanora ""Nora""",female,18.0,0,0,365226,6.75,0,Q
297,372,0,3,"Wiklund, Mr. Jakob Alfred",male,18.0,1,0,3101267,6.4958,0,S
298,701,1,1,"Astor, Mrs. John Jacob (Madeleine Talmadge Force)",female,18.0,1,0,PC 17757,227.525,C62 C64,C
299,205,1,3,"Cohen, Mr. Gurshon ""Gus""",male,18.0,0,0,A/5 3540,8.05,0,S
300,676,0,3,"Edvardsson, Mr. Gustaf Hjalmar",male,18.0,0,0,349912,7.775,0,S
301,703,0,3,"Barbara, Miss. Saiide",female,18.0,0,1,2691,14.4542,0,C
302,678,1,3,"Turja, Miss. Anna Sofia",female,18.0,0,0,4138,9.8417,0,S
303,386,0,2,"Davies, Mr. Charles Henry",male,18.0,0,0,S.O.C. 14879,73.5,0,S
304,689,0,3,"Fischer, Mr. Eberhard Thelander",male,18.0,0,0,350036,7.7958,0,S
305,229,0,2,"Fahlstrom, Mr. Arne Jonas",male,18.0,0,0,236171,13.0,0,S
306,506,0,1,"Penasco y Castellana, Mr. Victor de Satode",male,18.0,1,0,PC 17758,108.9,C65,C
307,776,0,3,"Myhrman, Mr. Pehr Fabian Oliver Malkolm",male,18.0,0,0,347078,7.75,0,S
308,808,0,3,"Pettersson, Miss. Ellen Natalia",female,18.0,0,0,347087,7.775,0,S
309,425,0,3,"Rosblom, Mr. Viktor Richard",male,18.0,1,1,370129,20.2125,0,S
310,758,0,2,"Bailey, Mr. Percy Andrew",male,18.0,0,0,29108,11.5,0,S
311,145,0,2,"Andrew, Mr. Edgardo Samuel",male,18.0,0,0,231945,11.5,0,S
312,418,1,2,"Silven, Miss. Lyyli Karoliina",female,18.0,0,2,250652,13.0,0,S
313,835,0,3,"Allum, Mr. Owen George",male,18.0,0,0,2223,8.3,0,S
314,787,1,3,"Sjoblom, Miss. Anna Sofia",female,18.0,0,0,3101265,7.4958,0,S
315,176,0,3,"Klasen, Mr. Klas Albin",male,18.0,1,1,350404,7.8542,0,S
316,547,1,2,"Beane, Mrs. Edward (Ethel Clarke)",female,19.0,1,0,2908,26.0,0,S
317,239,0,2,"Pengelly, Mr. Frederick William",male,19.0,0,0,28665,10.5,0,S
318,303,0,3,"Johnson, Mr. William Cahoone Jr",male,19.0,0,0,LINE,0.0,0,S
319,292,1,1,"Bishop, Mrs. Dickinson H (Helen Walton)",female,19.0,1,0,11967,91.0792,B49,C
320,284,1,3,"Dorking, Mr. Edward Arthur",male,19.0,0,0,A/5. 10482,8.05,0,S
321,45,1,3,"Devaney, Miss. Margaret Delia",female,19.0,0,0,330958,7.8792,0,Q
322,193,1,3,"Andersen-Jensen, Miss. Carla Christine Nielsine",female,19.0,1,0,350046,7.8542,0,S
323,567,0,3,"Stoytcheff, Mr. Ilia",male,19.0,0,0,349205,7.8958,0,S
324,576,0,3,"Patchett, Mr. George",male,19.0,0,0,358585,14.5,0,S
325,716,0,3,"Soholt, Mr. Peter Andreas Lauritz Andersen",male,19.0,0,0,348124,7.65,F G73,S
326,227,1,2,"Mellors, Mr. William John",male,19.0,0,0,SW/PP 751,10.5,0,S
327,380,0,3,"Gustafsson, Mr. Karl Gideon",male,19.0,0,0,347069,7.775,0,S
328,688,0,3,"Dakic, Mr. Branko",male,19.0,0,0,349228,10.1708,0,S
329,647,0,3,"Cor, Mr. Liudevit",male,19.0,0,0,349231,7.8958,0,S
330,373,0,3,"Beavan, Mr. William Thomas",male,19.0,0,0,323951,8.05,0,S
331,146,0,2,"Nicholls, Mr. Joseph Charles",male,19.0,1,1,C.A. 33112,36.75,0,S
332,192,0,2,"Carbines, Mr. William",male,19.0,0,0,28424,13.0,0,S
333,749,0,1,"Marvin, Mr. Daniel Warner",male,19.0,1,0,113773,53.1,D30,S
334,144,0,3,"Burke, Mr. Jeremiah",male,19.0,0,0,365222,6.75,0,Q
335,137,1,1,"Newsom, Miss. Helen Monypeny",female,19.0,0,2,11752,26.2833,D47,S
336,428,1,2,"Phillips, Miss. Kate Florence (""Mrs Kate Louise Phillips Marshall"")",female,19.0,0,0,250655,26.0,0,S
337,28,0,1,"Fortune, Mr. Charles Alexander",male,19.0,3,2,19950,263.0,C23 C25 C27,S
338,68,0,3,"Crease, Mr. Ernest James",male,19.0,0,0,S.P. 3464,8.1583,0,S
339,878,0,3,"Petroff, Mr. Nedelio",male,19.0,0,0,349212,7.8958,0,S
340,888,1,1,"Graham, Miss. Margaret Edith",female,19.0,0,0,112053,30.0,B42,S
341,877,0,3,"Gustafsson, Mr. Alfred Ossian",male,20.0,0,0,7534,9.8458,0,S
342,13,0,3,"Saundercock, Mr. William Henry",male,20.0,0,0,A/5. 2151,8.05,0,S
343,623,1,3,"Nakid, Mr. Sahid",male,20.0,1,1,2653,15.7417,0,C
344,641,0,3,"Jensen, Mr. Hans Peder",male,20.0,0,0,350050,7.8542,0,S
345,683,0,3,"Olsvigen, Mr. Thor Anderson",male,20.0,0,0,6563,9.225,0,S
346,379,0,3,"Betros, Mr. Tannous",male,20.0,0,0,2648,4.0125,0,C
347,665,1,3,"Lindqvist, Mr. Eino William",male,20.0,1,0,STON/O 2. 3101285,7.925,0,S
348,726,0,3,"Oreskovic, Mr. Luka",male,20.0,0,0,315094,8.6625,0,S
349,92,0,3,"Andreasson, Mr. Paul Edvin",male,20.0,0,0,347466,7.8542,0,S
350,442,0,3,"Hampe, Mr. Leon",male,20.0,0,0,345769,9.5,0,S
351,841,0,3,"Alhomaki, Mr. Ilmari Rudolf",male,20.0,0,0,SOTON/O2 3101287,7.925,0,S
352,114,0,3,"Jussila, Miss. Katriina",female,20.0,1,0,4136,9.825,0,S
353,132,0,3,"Coelho, Mr. Domingos Fernandeo",male,20.0,0,0,SOTON/O.Q. 3101307,7.05,0,S
354,763,1,3,"Barah, Mr. Hanna Assi",male,20.0,0,0,2663,7.2292,0,C
355,405,0,3,"Oreskovic, Miss. Marija",female,20.0,0,0,315096,8.6625,0,S
356,228,0,3,"Lovell, Mr. John Hall (""Henry"")",male,20.5,0,0,A/5 21173,7.25,0,S
357,174,0,3,"Sivola, Mr. Antti Wilhelm",male,21.0,0,0,STON/O 2. 3101280,7.925,0,S
358,495,0,3,"Stanley, Mr. Edward Roland",male,21.0,0,0,A/4 45380,8.05,0,S
359,492,0,3,"Windelov, Mr. Einar",male,21.0,0,0,SOTON/OQ 3101317,7.25,0,S
360,743,1,1,"Ryerson, Miss. Susan Parker ""Suzette""",female,21.0,2,2,PC 17608,262.375,B57 B59 B63 B66,C
361,103,0,1,"White, Mr. Richard Frasar",male,21.0,0,1,35281,77.2875,D26,S
362,422,0,3,"Charters, Mr. David",male,21.0,0,0,A/5. 13032,7.7333,0,Q
363,107,1,3,"Salkjelsvik, Miss. Anna Kristine",female,21.0,0,0,343120,7.65,0,S
364,116,0,3,"Pekoniemi, Mr. Edvard",male,21.0,0,0,STON/O 2. 3101294,7.925,0,S
365,502,0,3,"Canavan, Miss. Mary",female,21.0,0,0,364846,7.75,0,Q
366,403,0,3,"Jussila, Miss. Mari Aina",female,21.0,1,0,4137,9.825,0,S
367,628,1,1,"Longley, Miss. Gretchen Fiske",female,21.0,0,0,13502,77.9583,D9,S
368,653,0,3,"Kalvik, Mr. Johannes Halvorsen",male,21.0,0,0,8475,8.4333,0,S
369,624,0,3,"Hansen, Mr. Henry Damsgaard",male,21.0,0,0,350029,7.8542,0,S
370,625,0,3,"Bowen, Mr. David John ""Dai""",male,21.0,0,0,54636,16.1,0,S
371,862,0,2,"Giles, Mr. Frederick Edward",male,21.0,1,0,28134,11.5,0,S
372,392,1,3,"Jansson, Mr. Carl Olof",male,21.0,0,0,350034,7.7958,0,S
373,837,0,3,"Pasic, Mr. Jakob",male,21.0,0,0,315097,8.6625,0,S
374,409,0,3,"Birkeland, Mr. Hans Martin Monsen",male,21.0,0,0,312992,7.775,0,S
375,121,0,2,"Hickman, Mr. Stanley George",male,21.0,2,0,S.O.C. 14879,73.5,0,S
376,73,0,2,"Hood, Mr. Ambrose Jr",male,21.0,0,0,S.O.C. 14879,73.5,0,S
377,52,0,3,"Nosworthy, Mr. Richard Cater",male,21.0,0,0,A/4. 39886,7.8,0,S
378,437,0,3,"Ford, Miss. Doolina Margaret ""Daisy""",female,21.0,2,2,W./C. 6608,34.375,0,S
379,57,1,2,"Rugg, Miss. Emily",female,21.0,0,0,C.A. 31026,10.5,0,S
380,38,0,3,"Cann, Mr. Ernest Charles",male,21.0,0,0,A./5. 2152,8.05,0,S
381,213,0,3,"Perkin, Mr. John Henry",male,22.0,0,0,A/5 21174,7.25,0,S
382,244,0,3,"Maenpaa, Mr. Matti Alexanteri",male,22.0,0,0,STON/O 2. 3101275,7.125,0,S
383,479,0,3,"Karlsson, Mr. Nils August",male,22.0,0,0,350060,7.5208,0,S
384,61,0,3,"Sirayanian, Mr. Orsen",male,22.0,0,0,2669,7.2292,0,C
385,1,0,3,"Braund, Mr. Owen Harris",male,22.0,1,0,A/5 21171,7.25,0,S
386,142,1,3,"Nysten, Miss. Anna Sofia",female,22.0,0,0,347081,7.75,0,S
387,113,0,3,"Barton, Mr. David John",male,22.0,0,0,324669,8.05,0,S
388,475,0,3,"Strandberg, Miss. Ida Sofia",female,22.0,0,0,7553,9.8375,0,S
389,540,1,1,"Frolicher, Miss. Hedwig Margaritha",female,22.0,0,2,13568,49.5,B39,C
390,522,0,3,"Vovk, Mr. Janko",male,22.0,0,0,349252,7.8958,0,S
391,374,0,1,"Ringhini, Mr. Sante",male,22.0,0,0,PC 17760,135.6333,0,C
392,226,0,3,"Berglund, Mr. Karl Ivar Sven",male,22.0,0,0,PP 4348,9.35,0,S
393,709,1,1,"Cleaver, Miss. Alice",female,22.0,0,0,113781,151.55,0,S
394,396,0,3,"Johansson, Mr. Erik",male,22.0,0,0,350052,7.7958,0,S
395,377,1,3,"Landergren, Miss. Aurora Adelia",female,22.0,0,0,C 7077,7.25,0,S
396,324,1,2,"Caldwell, Mrs. Albert Francis (Sylvia Mae Harbaugh)",female,22.0,1,1,248738,29.0,0,S
397,589,0,3,"Gilinski, Mr. Eliezer",male,22.0,0,0,14973,8.05,0,S
398,609,1,2,"Laroche, Mrs. Joseph (Juliette Marie Louise Lafargue)",female,22.0,1,2,SC/Paris 2123,41.5792,0,C
399,288,0,3,"Naidenoff, Mr. Penko",male,22.0,0,0,349206,7.8958,0,S
400,290,1,3,"Connolly, Miss. Kate",female,22.0,0,0,370373,7.75,0,Q
401,357,1,1,"Bowerman, Miss. Elsie Edith",female,22.0,0,1,113505,55.0,E33,S
402,321,0,3,"Dennis, Mr. Samuel",male,22.0,0,0,A/5 21172,7.25,0,S
403,555,1,3,"Ohman, Miss. Velin",female,22.0,0,0,347085,7.775,0,S
404,554,1,3,"Leeni, Mr. Fahim (""Philip Zenni"")",male,22.0,0,0,2620,7.225,0,C
405,883,0,3,"Dahlberg, Miss. Gerda Ulrika",female,22.0,0,0,7552,10.5167,0,S
406,152,1,1,"Pears, Mrs. Thomas (Edith Wearne)",female,22.0,1,0,113776,66.6,C2,S
407,81,0,3,"Waelens, Mr. Achille",male,22.0,0,0,345767,9.0,0,S
408,136,0,2,"Richard, Mr. Emile",male,23.0,0,0,SC/PARIS 2133,15.0458,0,C
409,474,1,2,"Jerwan, Mrs. Amin S (Marie Marthe Thuillard)",female,23.0,0,0,SC/AH Basle 541,13.7917,D,C
410,817,0,3,"Heininen, Miss. Wendla Maria",female,23.0,0,0,STON/O2. 3101290,7.925,0,S
411,734,0,2,"Berriman, Mr. William John",male,23.0,0,0,28425,13.0,0,S
412,754,0,3,"Jonkoff, Mr. Lalio",male,23.0,0,0,349204,7.8958,0,S
413,834,0,3,"Augustsson, Mr. Albert",male,23.0,0,0,347468,7.8542,0,S
414,399,0,2,"Pain, Dr. Alfred",male,23.0,0,0,244278,10.5,0,S
415,659,0,2,"Eitemiller, Mr. George Floyd",male,23.0,0,0,29751,13.0,0,S
416,650,1,3,"Stanley, Miss. Amy Zillah Elsie",female,23.0,0,0,CA. 2314,7.55,0,S
417,394,1,1,"Newell, Miss. Marjorie",female,23.0,1,0,35273,113.275,D36,C
418,735,0,2,"Troupiansky, Mr. Moses Aaron",male,23.0,0,0,233639,13.0,0,S
419,89,1,1,"Fortune, Miss. Mabel Helen",female,23.0,3,2,19950,263.0,C23 C25 C27,S
420,98,1,1,"Greenfield, Mr. William Bertram",male,23.0,0,1,PC 17759,63.3583,D10 D12,C
421,530,0,2,"Hocking, Mr. Richard George",male,23.0,2,1,29104,11.5,0,S
422,351,0,3,"Odahl, Mr. Nils Martin",male,23.0,0,0,7267,9.225,0,S
423,297,0,3,"Hanna, Mr. Mansour",male,23.5,0,0,2693,7.2292,0,C
424,859,1,3,"Baclini, Mrs. Solomon (Latifa Qurban)",female,24.0,0,3,2666,19.2583,0,C
425,865,0,2,"Gill, Mr. John William",male,24.0,0,0,233866,13.0,0,S
426,346,1,2,"Brown, Miss. Amelia ""Mildred""",female,24.0,0,0,248733,13.0,F33,S
427,342,1,1,"Fortune, Miss. Alice Elizabeth",female,24.0,3,2,19950,263.0,C23 C25 C27,S
428,566,0,3,"Davies, Mr. Alfred J",male,24.0,2,0,A/4 48871,24.15,0,S
429,317,1,2,"Kantor, Mrs. Sinai (Miriam Sternin)",female,24.0,1,0,244367,26.0,0,S
430,294,0,3,"Haas, Miss. Aloisia",female,24.0,0,0,349236,8.85,0,S
431,311,1,1,"Hays, Miss. Margaret Bechstein",female,24.0,0,0,11767,83.1583,C54,C
432,601,1,2,"Jacobsohn, Mrs. Sidney Samuel (Amy Frances Christy)",female,24.0,2,1,243847,27.0,0,S
433,295,0,3,"Mineff, Mr. Ivan",male,24.0,0,0,349233,7.8958,0,S
434,616,1,2,"Herman, Miss. Alice",female,24.0,1,2,220845,65.0,0,S
435,370,1,1,"Aubart, Mme. Leontine Pauline",female,24.0,0,0,PC 17477,69.3,B35,C
436,642,1,1,"Sagesser, Mlle. Emma",female,24.0,0,0,PC 17477,69.3,B35,C
437,438,1,2,"Richards, Mrs. Sidney (Emily Hocking)",female,24.0,2,3,29106,18.75,0,S
438,395,1,3,"Sandstrom, Mrs. Hjalmar (Agnes Charlotta Bengtsson)",female,24.0,0,2,PP 9549,16.7,G6,S
439,200,0,2,"Yrois, Miss. Henriette (""Mrs Harbeck"")",female,24.0,0,0,248747,13.0,0,S
440,500,0,3,"Svensson, Mr. Olof",male,24.0,0,0,350035,7.7958,0,S
441,211,0,3,"Ali, Mr. Ahmed",male,24.0,0,0,SOTON/O.Q. 3101311,7.05,0,S
442,711,1,1,"Mayne, Mlle. Berthe Antonine (""Mrs de Villiers"")",female,24.0,0,0,PC 17482,49.5042,C90,C
443,248,1,2,"Hamalainen, Mrs. William (Anna)",female,24.0,0,2,250649,14.5,0,S
444,235,0,2,"Leyson, Mr. Robert William Norman",male,24.0,0,0,C.A. 29566,10.5,0,S
445,656,0,2,"Hickman, Mr. Leonard Mark",male,24.0,2,0,S.O.C. 14879,73.5,0,S
446,128,1,3,"Madsen, Mr. Fridtjof Arne",male,24.0,0,0,C 17369,7.1417,0,S
447,119,0,1,"Baxter, Mr. Quigg Edmond",male,24.0,0,1,PC 17558,247.5208,B58 B60,C
448,140,0,1,"Giglio, Mr. Victor",male,24.0,0,0,PC 17593,79.2,B86,C
449,771,0,3,"Lievens, Mr. Rene Aime",male,24.0,0,0,345781,9.5,0,S
450,744,0,3,"McNamee, Mr. Neal",male,24.0,1,0,376566,16.1,0,S
451,515,0,3,"Coleff, Mr. Satio",male,24.0,0,0,349209,7.4958,0,S
452,143,1,3,"Hakkarainen, Mrs. Pekka Pietari (Elin Matilda Dolck)",female,24.0,1,0,STON/O2. 3101279,15.85,0,S
453,90,0,3,"Celotti, Mr. Francesco",male,24.0,0,0,343275,8.05,0,S
454,677,0,3,"Sawyer, Mr. Frederick Charles",male,24.5,0,0,342826,8.05,0,S
455,881,1,2,"Shelley, Mrs. William (Imanita Parrish Hall)",female,25.0,0,1,230433,26.0,0,S
456,499,0,1,"Allison, Mrs. Hudson J C (Bessie Waldo Daniels)",female,25.0,1,2,113781,151.55,C22 C26,S
457,485,1,1,"Bishop, Mr. Dickinson H",male,25.0,1,0,11967,91.0792,B49,C
458,785,0,3,"Ali, Mr. William",male,25.0,0,0,SOTON/O.Q. 3101312,7.05,0,S
459,135,0,2,"Sobey, Mr. Samuel James Hayden",male,25.0,0,0,C.A. 29178,13.0,0,S
460,786,0,3,"Harmer, Mr. Abraham (David Lishin)",male,25.0,0,0,374887,7.25,0,S
461,344,0,2,"Sedgwick, Mr. Charles Frederick Waddington",male,25.0,0,0,244361,13.0,0,S
462,354,0,3,"Arnold-Franchi, Mr. Josef",male,25.0,1,0,349237,17.8,0,S
463,76,0,3,"Moen, Mr. Sigurd Hansen",male,25.0,0,0,348123,7.65,F G73,S
464,371,1,1,"Harder, Mr. George Achilles",male,25.0,1,0,11765,55.4417,E50,C
465,795,0,3,"Dantcheff, Mr. Ristiu",male,25.0,0,0,349203,7.8958,0,S
466,272,1,3,"Tornquist, Mr. William Henry",male,25.0,0,0,LINE,0.0,0,S
467,268,1,3,"Persson, Mr. Ernst Ulrik",male,25.0,1,0,347083,7.775,0,S
468,729,0,2,"Bryhl, Mr. Kurt Arnold Gottfrid",male,25.0,1,0,236853,26.0,0,S
469,730,0,3,"Ilmakangas, Miss. Pieta Sofia",female,25.0,1,0,STON/O2. 3101271,7.925,0,S
470,581,1,2,"Christy, Miss. Julie Rachel",female,25.0,1,1,237789,30.0,0,S
471,247,0,3,"Lindahl, Miss. Agda Thorilda Viktoria",female,25.0,0,0,347071,7.775,0,S
472,667,0,2,"Butler, Mr. Reginald Fenton",male,25.0,0,0,234686,13.0,0,S
473,694,0,3,"Saad, Mr. Khalil",male,25.0,0,0,2672,7.225,0,C
474,686,0,2,"Laroche, Mr. Joseph Philippe Lemercier",male,25.0,1,2,SC/Paris 2123,41.5792,0,C
475,443,0,3,"Petterson, Mr. Johan Emil",male,25.0,1,0,347076,7.775,0,S
476,885,0,3,"Sutehall, Mr. Henry Jr",male,25.0,0,0,SOTON/OQ 392076,7.05,0,S
477,704,0,3,"Gallagher, Mr. Martin",male,25.0,0,0,36864,7.7417,0,Q
478,629,0,3,"Bostandyeff, Mr. Guentcho",male,26.0,0,0,349224,7.8958,0,S
479,163,0,3,"Bengtsson, Mr. John Viktor",male,26.0,0,0,347068,7.775,0,S
480,811,0,3,"Alexander, Mr. William",male,26.0,0,0,3474,7.8875,0,S
481,620,0,2,"Gavey, Mr. Lawrence",male,26.0,0,0,31028,10.5,0,S
482,70,0,3,"Kink, Mr. Vincenz",male,26.0,2,0,315151,8.6625,0,S
483,402,0,3,"Adams, Mr. John",male,26.0,0,0,341826,8.05,0,S
484,74,0,3,"Chronopoulos, Mr. Apostolos",male,26.0,1,0,2680,14.4542,0,C
485,510,1,3,"Lang, Mr. Fang",male,26.0,0,0,1601,56.4958,0,S
486,871,0,3,"Balkic, Mr. Cerin",male,26.0,0,0,349248,7.8958,0,S
487,316,1,3,"Nilsson, Miss. Helmina Josefina",female,26.0,0,0,347470,7.8542,0,S
488,618,0,3,"Lobb, Mrs. William Arthur (Cordelia K Stanlick)",female,26.0,1,0,A/5. 3336,16.1,0,S
489,3,1,3,"Heikkinen, Miss. Laina",female,26.0,0,0,STON/O2. 3101282,7.925,0,S
490,313,0,2,"Lahtinen, Mrs. William (Anna Sylfven)",female,26.0,1,1,250651,26.0,0,S
491,94,0,3,"Dean, Mr. Bertram Frank",male,26.0,1,2,C.A. 2315,20.575,0,S
492,208,1,3,"Albimona, Mr. Nassef Cassem",male,26.0,0,0,2699,18.7875,0,C
493,291,1,1,"Barber, Miss. Ellen ""Nellie""",female,26.0,0,0,19877,78.85,0,S
494,705,0,3,"Hansen, Mr. Henrik Juul",male,26.0,1,0,350025,7.8542,0,S
495,890,1,1,"Behr, Mr. Karl Howell",male,26.0,0,0,111369,30.0,C148,C
496,682,1,1,"Hassab, Mr. Hammad",male,27.0,0,0,PC 17572,76.7292,D49,C
497,725,1,1,"Chambers, Mr. Norman Campbell",male,27.0,1,0,113806,53.1,E8,S
498,887,0,2,"Montvila, Rev. Juozas",male,27.0,0,0,211536,13.0,0,S
499,222,0,2,"Bracken, Mr. James H",male,27.0,0,0,220367,13.0,0,S
500,718,1,2,"Troutt, Miss. Edwina Celia ""Winnie""",female,27.0,0,0,34218,10.5,E101,S
501,805,1,3,"Hedman, Mr. Oskar Arvid",male,27.0,0,0,347089,6.975,0,S
502,621,0,3,"Yasbeck, Mr. Antoni",male,27.0,1,0,2659,14.4542,0,C
503,322,0,3,"Danoff, Mr. Yoto",male,27.0,0,0,349219,7.8958,0,S
504,608,1,1,"Daniel, Mr. Robert Williams",male,27.0,0,0,113804,30.5,0,S
505,147,1,3,"Andersson, Mr. August Edvard (""Wennerstrom"")",male,27.0,0,0,350043,7.7958,0,S
506,9,1,3,"Johnson, Mrs. Oscar W (Elisabeth Vilhelmina Berg)",female,27.0,0,2,347742,11.1333,0,S
507,378,0,1,"Widener, Mr. Harry Elkins",male,27.0,0,2,113503,211.5,C82,C
508,822,1,3,"Lulic, Mr. Nikola",male,27.0,0,0,315098,8.6625,0,S
509,552,0,2,"Sharp, Mr. Percival James R",male,27.0,0,0,244358,26.0,0,S
510,867,1,2,"Duran y More, Miss. Asuncion",female,27.0,1,0,SC/PARIS 2149,13.8583,0,C
511,42,0,2,"Turpin, Mrs. William John Robert (Dorothy Ann Wonnacott)",female,27.0,1,0,11668,21.0,0,S
512,824,1,3,"Moor, Mrs. (Beila)",female,27.0,0,1,392096,12.475,E121,S
513,217,1,3,"Honkanen, Miss. Eliina",female,27.0,0,0,STON/O2. 3101283,7.925,0,S
514,509,0,3,"Olsen, Mr. Henry Margido",male,28.0,0,0,C 4001,22.525,0,S
515,404,0,3,"Hakkarainen, Mr. Pekka Pietari",male,28.0,1,0,STON/O2. 3101279,15.85,0,S
516,431,1,1,"Bjornstrom-Steffansson, Mr. Mauritz Hakan",male,28.0,0,0,110564,26.55,C52,S
517,427,1,2,"Clarke, Mrs. Charles V (Ada Maria Winfield)",female,28.0,1,0,2003,26.0,0,S
518,400,1,2,"Trout, Mrs. William H (Jessie L)",female,28.0,0,0,240929,12.65,0,S
519,343,0,2,"Collander, Mr. Erik Gustaf",male,28.0,0,0,248740,13.0,0,S
520,356,0,3,"Vanden Steen, Mr. Leo Peter",male,28.0,0,0,345783,9.5,0,S
521,106,0,3,"Mionoff, Mr. Stoytcho",male,28.0,0,0,349207,7.8958,0,S
522,563,0,2,"Norman, Mr. Robert Douglas",male,28.0,0,0,218629,13.5,0,S
523,393,0,3,"Gustafsson, Mr. Johan Birger",male,28.0,2,0,3101277,7.925,0,S
524,757,0,3,"Carlsson, Mr. August Sigfrid",male,28.0,0,0,350042,7.7958,0,S
525,101,0,3,"Petranec, Miss. Matilda",female,28.0,0,0,349245,7.8958,0,S
526,849,0,2,"Harper, Rev. John",male,28.0,0,1,248727,33.0,0,S
527,201,0,3,"Vande Walle, Mr. Nestor Cyriel",male,28.0,0,0,345770,9.5,0,S
528,282,0,3,"Olsson, Mr. Nils Johan Goransson",male,28.0,0,0,347464,7.8542,0,S
529,84,0,1,"Carrau, Mr. Francisco M",male,28.0,0,0,113059,47.1,0,S
530,314,0,3,"Hendekovic, Mr. Ignjac",male,28.0,0,0,349243,7.8958,0,S
531,170,0,3,"Ling, Mr. Lee",male,28.0,0,0,1601,56.4958,0,S
532,636,1,2,"Davis, Miss. Mary",female,28.0,0,0,237668,13.0,0,S
533,875,1,2,"Abelson, Mrs. Samuel (Hannah Wizosky)",female,28.0,1,0,P/PP 3381,24.0,0,C
534,424,0,3,"Danbom, Mrs. Ernst Gilbert (Anna Sigrid Maria Brogren)",female,28.0,1,1,347080,14.4,0,S
535,24,1,1,"Sloper, Mr. William Thompson",male,28.0,0,0,113788,35.5,A6,S
536,35,0,1,"Meyer, Mr. Edgar Joseph",male,28.0,1,0,PC 17604,82.1708,0,C
537,884,0,2,"Banfield, Mr. Frederick James",male,28.0,0,0,C.A./SOTON 34068,10.5,0,S
538,444,1,2,"Reynaldo, Ms. Encarnacion",female,28.0,0,0,230434,13.0,0,S
539,736,0,3,"Williams, Mr. Leslie",male,28.5,0,0,54636,16.1,0,S
540,58,0,3,"Novel, Mr. Mansouer",male,28.5,0,0,2697,7.2292,0,C
541,232,0,3,"Larsson, Mr. Bengt Edvin",male,29.0,0,0,347067,7.775,0,S
542,252,0,3,"Strom, Mrs. Wilhelm (Elna Matilda Persson)",female,29.0,1,1,347054,10.4625,G6,S
543,423,0,3,"Zimmerman, Mr. Leo",male,29.0,0,0,315082,7.875,0,S
544,243,0,2,"Coleridge, Mr. Reginald Charles",male,29.0,0,0,W./C. 14263,10.5,0,S
545,256,1,3,"Touma, Mrs. Darwis (Hanne Youssef Razi)",female,29.0,0,2,2650,15.2458,0,C
546,731,1,1,"Allen, Miss. Elisabeth Walton",female,29.0,0,0,24160,211.3375,B5,S
547,714,0,3,"Larsson, Mr. August Viktor",male,29.0,0,0,7545,9.4833,0,S
548,54,1,2,"Faunthorpe, Mrs. Lizzie (Elizabeth Anne Wilkinson)",female,29.0,1,0,2926,26.0,0,S
549,91,0,3,"Christmann, Mr. Emil",male,29.0,0,0,343276,8.05,0,S
550,456,1,3,"Jalsevac, Mr. Ivan",male,29.0,0,0,349240,7.8958,0,C
551,118,0,2,"Turpin, Mr. William John Robert",male,29.0,1,0,11668,21.0,0,S
552,511,1,3,"Daly, Mr. Eugene Patrick",male,29.0,0,0,382651,7.75,0,Q
553,478,0,3,"Braund, Mr. Lewis Richard",male,29.0,1,0,3460,7.0458,0,S
554,568,0,3,"Palsson, Mrs. Nils (Alma Cornelia Berglund)",female,29.0,0,4,349909,21.075,0,S
555,362,0,2,"del Carlo, Mr. Sebastiano",male,29.0,1,0,SC/PARIS 2167,27.7208,0,C
556,67,1,2,"Nye, Mrs. (Elizabeth Ramell)",female,29.0,0,0,C.A. 29395,10.5,F33,S
557,134,1,2,"Weisz, Mrs. Leopold (Mathilde Francoise Pede)",female,29.0,1,0,228414,26.0,0,S
558,783,0,1,"Long, Mr. Milton Clyde",male,29.0,0,0,113501,30.0,D6,S
559,337,0,1,"Pears, Mr. Thomas Clinton",male,29.0,1,0,113776,66.6,C2,S
560,82,1,3,"Sheerlinck, Mr. Jan Baptist",male,29.0,0,0,345779,9.5,0,S
561,453,0,1,"Foreman, Mr. Benjamin Laventall",male,30.0,0,0,113051,27.75,C111,C
562,220,0,2,"Harris, Mr. Walter",male,30.0,0,0,W/C 14208,10.5,0,S
563,309,0,2,"Abelson, Mr. Samuel",male,30.0,1,0,P/PP 3381,24.0,0,C
564,310,1,1,"Francatelli, Miss. Laura Mabel",female,30.0,0,0,PC 17485,56.9292,E36,C
565,287,1,3,"de Mulder, Mr. Theodore",male,30.0,0,0,345774,9.5,0,S
566,607,0,3,"Karaic, Mr. Milan",male,30.0,0,0,349246,7.8958,0,S
567,727,1,2,"Renouf, Mrs. Peter Henry (Lillian Jefferys)",female,30.0,3,0,31027,21.0,0,S
568,179,0,2,"Hale, Mr. Reginald",male,30.0,0,0,250653,13.0,0,S
569,323,1,2,"Slayter, Miss. Hilda Mary",female,30.0,0,0,234818,12.35,0,Q
570,521,1,1,"Perreault, Miss. Anne",female,30.0,0,0,12749,93.5,B73,S
571,158,0,3,"Corn, Mr. Harry",male,30.0,0,0,SOTON/OQ 392090,8.05,0,S
572,748,1,2,"Sinkkonen, Miss. Anna",female,30.0,0,0,250648,13.0,0,S
573,535,0,3,"Cacic, Miss. Marija",female,30.0,0,0,315084,8.6625,0,S
574,366,0,3,"Adahl, Mr. Mauritz Nils Martin",male,30.0,0,0,C 7076,7.25,0,S
575,80,1,3,"Dowdell, Miss. Elizabeth",female,30.0,0,0,364516,12.475,0,S
576,419,0,2,"Matthews, Mr. William John",male,30.0,0,0,28228,13.0,0,S
577,843,1,1,"Serepeca, Miss. Augusta",female,30.0,0,0,113798,31.0,0,C
578,538,1,1,"LeRoy, Miss. Bertha",female,30.0,0,0,PC 17761,106.425,0,C
579,489,0,3,"Somerton, Mr. Francis William",male,30.0,0,0,A.5. 18509,8.05,0,S
580,800,0,3,"Van Impe, Mrs. Jean Baptiste (Rosalie Paula Govaert)",female,30.0,1,1,345773,24.15,0,S
581,799,0,3,"Ibrahim Shawah, Mr. Yousseff",male,30.0,0,0,2685,7.2292,0,C
582,214,0,2,"Givard, Mr. Hans Kristensen",male,30.0,0,0,250646,13.0,0,S
583,258,1,1,"Cherry, Miss. Gladys",female,30.0,0,0,110152,86.5,B77,S
584,245,0,3,"Attalah, Mr. Sleiman",male,30.0,0,0,2694,7.225,0,C
585,254,0,3,"Lobb, Mr. William Arthur",male,30.0,1,0,A/5. 3336,16.1,0,S
586,815,0,3,"Tomlin, Mr. Ernest Portage",male,30.5,0,0,364499,8.05,0,S
587,768,0,3,"Mangan, Miss. Mary",female,30.5,0,0,364850,7.75,0,Q
588,691,1,1,"Dick, Mr. Albert Adrian",male,31.0,1,0,17474,57.0,B20,S
589,672,0,1,"Davidson, Mr. Thornton",male,31.0,1,0,F.C. 12750,52.0,B71,S
590,216,1,1,"Newell, Miss. Madeleine",female,31.0,1,0,35273,113.275,D36,C
591,440,0,2,"Kvillner, Mr. Johan Henrik Johannesson",male,31.0,0,0,C.A. 18723,10.5,0,S
592,638,0,2,"Collyer, Mr. Harvey",male,31.0,1,1,C.A. 31921,26.25,0,S
593,319,1,1,"Wick, Miss. Mary Natalie",female,31.0,0,2,36928,164.8667,C7,S
594,806,0,3,"Johansson, Mr. Karl Johan",male,31.0,0,0,347063,7.775,0,S
595,19,0,3,"Vander Planke, Mrs. Julius (Emelia Maria Vandemoortele)",female,31.0,1,0,345763,18.0,0,S
596,818,0,2,"Mallet, Mr. Albert",male,31.0,1,1,S.C./PARIS 2079,37.0042,0,C
597,750,0,3,"Connaghton, Mr. Michael",male,31.0,0,0,335097,7.75,0,Q
598,674,1,2,"Wilhelms, Mr. Charles",male,31.0,0,0,244270,13.0,0,S
599,745,1,3,"Stranden, Mr. Juho",male,31.0,0,0,STON/O 2. 3101288,7.925,0,S
600,329,1,3,"Goldsmith, Mrs. Frank John (Emily Alice Brown)",female,31.0,1,1,363291,20.525,0,S
601,802,1,2,"Collyer, Mrs. Harvey (Charlotte Annie Tate)",female,31.0,1,1,C.A. 31921,26.25,0,S
602,397,0,3,"Olsson, Miss. Elina",female,31.0,0,0,350407,7.8542,0,S
603,798,1,3,"Osman, Mrs. Mara",female,31.0,0,0,349244,8.6833,0,S
604,868,0,1,"Roebling, Mr. Washington Augustus II",male,31.0,0,0,PC 17590,50.4958,A24,S
605,570,1,3,"Jonsson, Mr. Carl",male,32.0,0,0,350417,7.8542,0,S
606,544,1,2,"Beane, Mr. Edward",male,32.0,1,0,2908,26.0,0,S
607,658,0,3,"Bourke, Mrs. John (Catherine)",female,32.0,1,1,364849,15.5,0,Q
608,633,1,1,"Stahelin-Maeglin, Dr. Max",male,32.0,0,0,13214,30.5,B50,C
609,191,1,2,"Pinsky, Mrs. (Rosa)",female,32.0,0,0,234604,13.0,0,S
610,637,0,3,"Leinonen, Mr. Antti Gustaf",male,32.0,0,0,STON/O 2. 3101292,7.925,0,S
611,207,0,3,"Backstrom, Mr. Karl Alfred",male,32.0,1,0,3101278,15.85,0,S
612,219,1,1,"Bazzani, Miss. Albina",female,32.0,0,0,11813,76.2917,D15,C
613,666,0,2,"Hickman, Mr. Lewis",male,32.0,2,0,S.O.C. 14879,73.5,0,S
614,580,1,3,"Jussila, Mr. Eiriik",male,32.0,0,0,STON/O 2. 3101286,7.925,0,S
615,71,0,2,"Jenkin, Mr. Stephen Curnow",male,32.0,0,0,C.A. 33111,10.5,0,S
616,770,0,3,"Gronnestad, Mr. Daniel Danielsen",male,32.0,0,0,8471,8.3625,0,S
617,383,0,3,"Tikkanen, Mr. Juho",male,32.0,0,0,STON/O 2. 3101293,7.925,0,S
618,75,1,3,"Bing, Mr. Lee",male,32.0,0,0,1601,56.4958,0,S
619,839,1,3,"Chip, Mr. Chang",male,32.0,0,0,1601,56.4958,0,S
620,891,0,3,"Dooley, Mr. Patrick",male,32.0,0,0,370376,7.75,0,Q
621,430,1,3,"Pickard, Mr. Berk (Berk Trembisky)",male,32.0,0,0,SOTON/O.Q. 392078,8.05,E10,S
622,520,0,3,"Pavlovic, Mr. Stefo",male,32.0,0,0,349242,7.8958,0,S
623,123,0,2,"Nasser, Mr. Nicholas",male,32.5,1,0,237736,30.0708,0,C
624,124,1,2,"Webber, Miss. Susan",female,32.5,0,0,27267,13.0,E101,S
625,873,0,1,"Carlsson, Mr. Frans Olof",male,33.0,0,0,695,5.0,B51 B53 B55,S
626,473,1,2,"West, Mrs. Edwy Arthur (Ada Mary Worth)",female,33.0,1,2,C.A. 34651,27.75,0,S
627,549,0,3,"Goldsmith, Mr. Frank John",male,33.0,1,1,363291,20.525,0,S
628,760,1,1,"Rothes, the Countess. of (Lucy Noel Martha Dyer-Edwards)",female,33.0,0,0,110152,86.5,B77,S
629,104,0,3,"Johansson, Mr. Gustaf Joel",male,33.0,0,0,7540,8.6542,0,S
630,882,0,3,"Markun, Mr. Johann",male,33.0,0,0,349257,7.8958,0,S
631,720,0,3,"Johnson, Mr. Malkolm Joackim",male,33.0,0,0,347062,7.775,0,S
632,507,1,2,"Quick, Mrs. Frederick Charles (Jane Richards)",female,33.0,0,2,26360,26.0,0,S
633,413,1,1,"Minahan, Miss. Daisy E",female,33.0,1,0,19928,90.0,C78,Q
634,131,0,3,"Drazenoic, Mr. Jozef",male,33.0,0,0,349241,7.8958,0,C
635,753,0,3,"Vande Velde, Mr. Johannes Joseph",male,33.0,0,0,345780,9.5,0,S
636,810,1,1,"Chambers, Mrs. Norman Campbell (Bertha Griggs)",female,33.0,1,0,113806,53.1,E8,S
637,286,0,3,"Stankovic, Mr. Ivan",male,33.0,0,0,349239,8.6625,0,C
638,240,0,2,"Hunt, Mr. George Henry",male,33.0,0,0,SCO/W 1585,12.275,0,S
639,86,1,3,"Backstrom, Mrs. Karl Alfred (Maria Mathilda Gustafsson)",female,33.0,3,0,3101278,15.85,0,S
640,417,1,2,"Drew, Mrs. James Vivian (Lulu Thorne Christian)",female,34.0,1,1,28220,32.5,0,S
641,517,1,2,"Lemore, Mrs. (Amelia Milley)",female,34.0,0,0,C.A. 34260,10.5,F33,S
642,577,1,2,"Garside, Miss. Ethel",female,34.0,0,0,243880,13.0,0,S
643,477,0,2,"Renouf, Mr. Peter Henry",male,34.0,1,0,31027,21.0,0,S
644,406,0,2,"Gale, Mr. Shadrach",male,34.0,1,0,28664,21.0,0,S
645,801,0,2,"Ponesell, Mr. Martin",male,34.0,0,0,250647,13.0,0,S
646,759,0,3,"Theobald, Mr. Thomas Leonard",male,34.0,0,0,363294,8.05,0,S
647,723,0,2,"Gillespie, Mr. William Henry",male,34.0,0,0,12233,13.0,0,S
648,100,0,2,"Kantor, Mr. Sinai",male,34.0,1,0,244367,26.0,0,S
649,462,0,3,"Morley, Mr. William",male,34.0,0,0,364506,8.05,0,S
650,22,1,2,"Beesley, Mr. Lawrence",male,34.0,0,0,248698,13.0,D56,S
651,203,0,3,"Johanson, Mr. Jakob Alfred",male,34.0,0,0,3101264,6.4958,0,S
652,617,0,3,"Danbom, Mr. Ernst Gilbert",male,34.0,1,1,347080,14.4,0,S
653,99,1,2,"Doling, Mrs. John T (Ada Julia Bone)",female,34.0,0,1,231919,23.0,0,S
654,448,1,1,"Seward, Mr. Frederic Kimber",male,34.0,0,0,113794,26.55,0,S
655,844,0,3,"Lemberopolous, Mr. Peter L",male,34.5,0,0,2683,6.4375,0,C
656,4,1,1,"Futrelle, Mrs. Jacques Heath (Lily May Peel)",female,35.0,1,0,113803,53.1,C123,S
657,848,0,3,"Markoff, Mr. Marin",male,35.0,0,0,349213,7.8958,0,C
658,702,1,1,"Silverthorne, Mr. Spencer Victor",male,35.0,0,0,PC 17475,26.2875,E24,S
659,21,0,2,"Fynney, Mr. Joseph J",male,35.0,0,0,239865,26.0,0,S
660,259,1,1,"Ward, Miss. Anna",female,35.0,0,0,PC 17755,512.3292,0,C
661,231,1,1,"Harris, Mrs. Henry Birkhardt (Irene Wallach)",female,35.0,1,0,36973,83.475,C83,S
662,280,1,3,"Abbott, Mrs. Stanton (Rosa Hunt)",female,35.0,1,1,C.A. 2673,20.25,0,S
663,615,0,3,"Brocklebank, Mr. William Alfred",male,35.0,0,0,364512,8.05,0,S
664,270,1,1,"Bissette, Miss. Amelia",female,35.0,0,0,PC 17760,135.6333,C99,S
665,487,1,1,"Hoyt, Mrs. Frederick Maxfield (Jane Anne Forby)",female,35.0,1,0,19943,90.0,C93,S
666,5,0,3,"Allen, Mr. William Henry",male,35.0,0,0,373450,8.05,0,S
667,384,1,1,"Holverson, Mrs. Alexander Oskar (Mary Aline Towner)",female,35.0,1,0,113789,52.0,0,S
668,364,0,3,"Asim, Mr. Adola",male,35.0,0,0,SOTON/O.Q. 3101310,7.05,0,S
669,591,0,3,"Rintamaki, Mr. Matti",male,35.0,0,0,STON/O 2. 3101273,7.125,0,S
670,813,0,2,"Slemen, Mr. Richard James",male,35.0,0,0,28206,10.5,0,S
671,212,1,2,"Cameron, Miss. Clear Annie",female,35.0,0,0,F.C.C. 13528,21.0,0,S
672,738,1,1,"Lesurer, Mr. Gustave J",male,35.0,0,0,PC 17755,512.3292,B101,C
673,605,1,1,"Homer, Mr. Harry (""Mr E Haven"")",male,35.0,0,0,111426,26.55,0,C
674,391,1,1,"Carter, Mr. William Ernest",male,36.0,1,2,113760,120.0,B96 B98,S
675,513,1,1,"McGough, Mr. James Robert",male,36.0,0,0,PC 17473,26.2875,E25,S
676,388,1,2,"Buss, Miss. Kate",female,36.0,0,0,27849,13.0,0,S
677,560,1,3,"de Messemaeker, Mrs. Guillaume Joseph (Emma)",female,36.0,1,0,345572,17.4,0,S
678,326,1,1,"Young, Miss. Marie Grice",female,36.0,0,0,PC 17760,135.6333,C32,C
679,680,1,1,"Cardeza, Mr. Thomas Drake Martinez",male,36.0,0,1,PC 17755,512.3292,B51 B53 B55,C
680,180,0,3,"Leonard, Mr. Lionel",male,36.0,0,0,LINE,0.0,0,S
681,266,0,2,"Reeves, Mr. David",male,36.0,0,0,C.A. 17248,10.5,0,S
682,190,0,3,"Turcin, Mr. Stjepan",male,36.0,0,0,349247,7.8958,0,S
683,451,0,2,"West, Mr. Edwy Arthur",male,36.0,1,2,C.A. 34651,27.75,0,S
684,328,1,2,"Ball, Mrs. (Ada E Hall)",female,36.0,0,0,28551,13.0,D,S
685,573,1,1,"Flynn, Mr. John Irwin (""Irving"")",male,36.0,0,0,PC 17474,26.3875,E25,S
686,584,0,1,"Ross, Mr. John Hugo",male,36.0,0,0,13049,40.125,A10,C
687,764,1,1,"Carter, Mrs. William Ernest (Lucile Polk)",female,36.0,1,2,113760,120.0,B96 B98,S
688,742,0,1,"Cavendish, Mr. Tyrell William",male,36.0,1,0,19877,78.85,C46,S
689,345,0,2,"Fox, Mr. Stanley Hubert",male,36.0,0,0,229236,13.0,0,S
690,541,1,1,"Crosby, Miss. Harriet R",female,36.0,0,2,WE/P 5735,71.0,B22,S
691,519,1,2,"Angle, Mrs. William A (Florence ""Mary"" Agnes Hughes)",female,36.0,1,0,226875,26.0,0,S
692,596,0,3,"Van Impe, Mr. Jean Baptiste",male,36.0,1,1,345773,24.15,0,S
693,293,0,2,"Levy, Mr. Rene Jacques",male,36.0,0,0,SC/Paris 2163,12.875,D,C
694,606,0,3,"Lindell, Mr. Edvard Bengtsson",male,36.0,1,0,349910,15.55,0,S
695,664,0,3,"Coleff, Mr. Peju",male,36.0,0,0,349210,7.4958,0,S
696,149,0,2,"Navratil, Mr. Michel (""Louis M Hoffman"")",male,36.5,0,2,230080,26.0,F2,S
697,504,0,3,"Laitinen, Miss. Kristina Sofia",female,37.0,0,0,4135,9.5875,0,S
698,138,0,1,"Futrelle, Mr. Jacques Heath",male,37.0,1,0,113803,53.1,C123,S
699,105,0,3,"Gustafsson, Mr. Anders Vilhelm",male,37.0,2,0,3101276,7.925,0,S
700,595,0,2,"Chapman, Mr. John Henry",male,37.0,1,0,SC/AH 29037,26.0,0,S
701,274,0,1,"Natsch, Mr. Charles H",male,37.0,0,1,PC 17596,29.7,C118,C
702,249,1,1,"Beckwith, Mr. Richard Leonard",male,37.0,1,1,11751,52.5542,D35,S
703,26,1,3,"Asplund, Mrs. Carl Oscar (Selma Augusta Emilia Johansson)",female,38.0,1,5,347077,31.3875,0,S
704,466,0,3,"Goncalves, Mr. Manuel Estanslas",male,38.0,0,0,SOTON/O.Q. 3101306,7.05,0,S
705,225,1,1,"Hoyt, Mr. Frederick Maxfield",male,38.0,1,0,19943,90.0,C93,S
706,717,1,1,"Endres, Miss. Caroline Louise",female,38.0,0,0,PC 17757,227.525,C45,C
707,823,0,1,"Reuchlin, Jonkheer. John George",male,38.0,0,0,19972,0.0,0,S
708,333,0,1,"Graham, Mr. George Edward",male,38.0,0,1,PC 17582,153.4625,C91,S
709,109,0,3,"Rekic, Mr. Tido",male,38.0,0,0,349249,7.8958,0,S
710,62,1,1,"Icard, Miss. Amelie",female,38.0,0,0,113572,80.0,B28,0
711,358,0,2,"Funk, Miss. Annie Clemmer",female,38.0,0,0,237671,13.0,0,S
712,2,1,1,"Cumings, Mrs. John Bradley (Florence Briggs Thayer)",female,38.0,1,0,PC 17599,71.2833,C85,C
713,472,0,3,"Cacic, Mr. Luka",male,38.0,0,0,315089,8.6625,0,S
714,582,1,1,"Thayer, Mrs. John Borland (Marian Longstreth Morris)",female,39.0,1,1,17421,110.8833,C68,C
715,796,0,2,"Otter, Mr. Richard",male,39.0,0,0,28213,13.0,0,S
716,807,0,1,"Andrews, Mr. Thomas Jr",male,39.0,0,0,112050,0.0,A36,S
717,886,0,3,"Rice, Mrs. William (Margaret Norton)",female,39.0,0,5,382652,29.125,0,Q
718,706,0,2,"Morley, Mr. Henry Samuel (""Mr Henry Marshall"")",male,39.0,0,0,250655,26.0,0,S
719,812,0,3,"Lester, Mr. James",male,39.0,0,0,A/4 48871,24.15,0,S
720,578,1,1,"Silvey, Mrs. William Baird (Alice Munger)",female,39.0,1,0,13507,55.9,E44,S
721,611,0,3,"Andersson, Mrs. Anders Johan (Alfrida Konstantia Brogren)",female,39.0,1,5,347082,31.275,0,S
722,559,1,1,"Taussig, Mrs. Emil (Tillie Mandelbaum)",female,39.0,1,1,110413,79.65,E67,S
723,836,1,1,"Compton, Miss. Sara Rebecca",female,39.0,1,1,PC 17756,83.1583,E49,C
724,14,0,3,"Andersson, Mr. Anders Johan",male,39.0,1,5,347082,31.275,0,S
725,401,1,3,"Niskanen, Mr. Juha",male,39.0,0,0,STON/O 2. 3101289,7.925,0,S
726,529,0,3,"Salonen, Mr. Johan Werner",male,39.0,0,0,3101296,7.925,0,S
727,809,0,2,"Meyer, Mr. August",male,39.0,0,0,248723,13.0,0,S
728,264,0,1,"Harrison, Mr. William",male,40.0,0,0,112059,0.0,B94,S
729,189,0,3,"Bourke, Mr. John",male,40.0,1,1,364849,15.5,0,Q
730,210,1,1,"Blank, Mr. Henry",male,40.0,0,0,112277,31.0,A31,C
731,31,0,1,"Uruchurtu, Don. Manuel E",male,40.0,0,0,PC 17601,27.7208,0,C
732,662,0,3,"Badt, Mr. Mohamed",male,40.0,0,0,2623,7.225,0,C
733,671,1,2,"Brown, Mrs. Thomas William Solomon (Elizabeth Catherine Ford)",female,40.0,1,1,29750,39.0,0,S
734,610,1,1,"Shutes, Miss. Elizabeth W",female,40.0,0,0,PC 17582,153.4625,C125,S
735,162,1,2,"Watt, Mrs. James (Elizabeth ""Bessie"" Inglis Milne)",female,40.0,0,0,C.A. 33595,15.75,0,S
736,562,0,3,"Sivic, Mr. Husein",male,40.0,0,0,349251,7.8958,0,S
737,347,1,2,"Smith, Miss. Marion Elsie",female,40.0,0,0,31418,13.0,0,S
738,320,1,1,"Spedden, Mrs. Frederic Oakley (Margaretta Corning Stone)",female,40.0,1,1,16966,134.5,E34,C
739,41,0,3,"Ahlin, Mrs. Johan (Johanna Persdotter Larsson)",female,40.0,1,0,7546,9.475,0,S
740,361,0,3,"Skoog, Mr. Wilhelm",male,40.0,1,4,347088,27.9,0,S
741,154,0,3,"van Billiard, Mr. Austin Blyler",male,40.5,0,2,A/5. 851,14.5,0,S
742,526,0,3,"Farrell, Mr. James",male,40.5,0,0,367232,7.75,0,Q
743,273,1,2,"Mellinger, Mrs. (Elizabeth Anne Maidment)",female,41.0,0,1,250644,19.5,0,S
744,861,0,3,"Hansen, Mr. Claus Peter",male,41.0,2,0,350026,14.1083,0,S
745,338,1,1,"Burns, Miss. Elizabeth Margaret",female,41.0,0,0,16966,134.5,E40,C
746,762,0,3,"Nirva, Mr. Iisakki Antino Aijo",male,41.0,0,0,SOTON/O2 3101272,7.125,0,S
747,255,0,3,"Rosblom, Mrs. Viktor (Helena Wilhelmina)",female,41.0,0,2,370129,20.2125,0,S
748,639,0,3,"Panula, Mrs. Juha (Maria Emilia Ojala)",female,41.0,0,5,3101295,39.6875,0,S
749,433,1,2,"Louch, Mrs. Charles Alexander (Alice Adelaide Slow)",female,42.0,1,0,SC/AH 3085,26.0,0,S
750,150,0,2,"Byles, Rev. Thomas Roussel Davids",male,42.0,0,0,244310,13.0,0,S
751,218,0,2,"Jacobsohn, Mr. Sidney Samuel",male,42.0,1,0,243847,27.0,0,S
752,708,1,1,"Calderhead, Mr. Edward Pennington",male,42.0,0,0,PC 17476,26.2875,E24,S
753,198,0,3,"Olsen, Mr. Karl Siegwart Andreas",male,42.0,0,1,4579,8.4042,0,S
754,36,0,1,"Holverson, Mr. Alexander Oskar",male,42.0,1,0,113789,52.0,0,S
755,381,1,1,"Bidois, Miss. Rosalie",female,42.0,0,0,PC 17757,227.525,0,C
756,350,0,3,"Dimic, Mr. Jovan",male,42.0,0,0,315088,8.6625,0,S
757,866,1,2,"Bystrom, Mrs. (Karolina)",female,42.0,0,0,236852,13.0,0,S
758,622,1,1,"Kimball, Mr. Edwin Nelson Jr",male,42.0,1,0,11753,52.5542,D19,S
759,700,0,3,"Humblen, Mr. Adolf Mathias Nicolai Olsen",male,42.0,0,0,348121,7.65,F G63,S
760,846,0,3,"Abbing, Mr. Anthony",male,42.0,0,0,C.A. 5547,7.55,0,S
761,289,1,2,"Hosono, Mr. Masabumi",male,42.0,0,0,237798,13.0,0,S
762,819,0,3,"Holm, Mr. John Fredrik Alexander",male,43.0,0,0,C 7075,6.45,0,S
763,315,0,2,"Hart, Mr. Benjamin",male,43.0,1,1,F.C.C. 13529,26.25,0,S
764,780,1,1,"Robert, Mrs. Edward Scott (Elisabeth Walton McMillan)",female,43.0,0,1,24160,211.3375,B3,S
765,669,0,3,"Cook, Mr. Jacob",male,43.0,0,0,A/5 3536,8.05,0,S
766,679,0,3,"Goodwin, Mrs. Frederick (Augusta Tyler)",female,43.0,1,6,CA 2144,46.9,0,S
767,415,1,3,"Sundman, Mr. Johan Julian",male,44.0,0,0,STON/O 2. 3101269,7.925,0,S
768,524,1,1,"Hippach, Mrs. Louis Albert (Ida Sophia Fischer)",female,44.0,0,1,111361,57.9792,B18,C
769,697,0,3,"Kelly, Mr. James",male,44.0,0,0,363592,8.05,0,S
770,237,0,2,"Hold, Mr. Stephen",male,44.0,1,0,26707,26.0,0,S
771,604,0,3,"Torber, Mr. Ernst William",male,44.0,0,0,364511,8.05,0,S
772,246,0,1,"Minahan, Dr. William Edward",male,44.0,2,0,19928,90.0,C78,Q
773,195,1,1,"Brown, Mrs. James Joseph (Margaret Tobin)",female,44.0,0,0,PC 17610,27.7208,B4,C
774,161,0,3,"Cribb, Mr. John Hatfield",male,44.0,0,1,371362,16.1,0,S
775,855,0,2,"Carter, Mrs. Ernest Courtenay (Lilian Hughes)",female,44.0,1,0,244252,26.0,0,S
776,339,1,3,"Dahl, Mr. Karl Edwart",male,45.0,0,0,7598,8.05,0,S
777,857,1,1,"Wick, Mrs. George Dennick (Mary Hitchcock)",female,45.0,1,1,36928,164.8667,0,S
778,340,0,1,"Blackwell, Mr. Stephen Weart",male,45.0,0,0,113784,35.5,T,S
779,63,0,1,"Harris, Mr. Henry Birkhardt",male,45.0,1,0,36973,83.475,C83,S
780,537,0,1,"Butt, Major. Archibald Willingham",male,45.0,0,0,113050,26.55,B38,S
781,363,0,3,"Barbara, Mrs. (Catherine David)",female,45.0,0,1,2691,14.4542,0,C
782,130,0,3,"Ekstrom, Mr. Johan",male,45.0,0,0,347061,6.975,0,S
783,168,0,3,"Skoog, Mrs. William (Anna Bernhardina Karlsson)",female,45.0,1,4,347088,27.9,0,S
784,441,1,2,"Hart, Mrs. Benjamin (Esther Ada Bloomfield)",female,45.0,1,1,F.C.C. 13529,26.25,0,S
785,707,1,2,"Kelly, Mrs. Florence ""Fannie""",female,45.0,0,0,223596,13.5,0,S
786,188,1,1,"Romaine, Mr. Charles Hallace (""Mr C Rolmane"")",male,45.0,0,0,111428,26.55,0,S
787,277,0,3,"Lindblom, Miss. Augusta Charlotta",female,45.0,0,0,347073,7.75,0,S
788,332,0,1,"Partner, Mr. Austen",male,45.5,0,0,113043,28.5,C124,S
789,204,0,3,"Youseff, Mr. Gerious",male,45.5,0,0,2628,7.225,0,C
790,93,0,1,"Chaffee, Mr. Herbert Fuller",male,46.0,1,0,W.E.P. 5734,61.175,E31,S
791,790,0,1,"Guggenheim, Mr. Benjamin",male,46.0,0,0,PC 17593,79.2,B82 B84,C
792,398,0,2,"McKane, Mr. Peter David",male,46.0,0,0,28403,26.0,0,S
793,463,0,1,"Gee, Mr. Arthur H",male,47.0,0,0,111320,38.5,E63,S
794,663,0,1,"Colley, Mr. Edward Pomeroy",male,47.0,0,0,5727,25.5875,E58,S
795,587,0,2,"Jarvis, Mr. John Denzil",male,47.0,0,0,237565,15.0,0,S
796,111,0,1,"Porter, Mr. Walter Chamberlain",male,47.0,0,0,110465,52.0,C110,S
797,874,0,3,"Vander Cruyssen, Mr. Victor",male,47.0,0,0,345765,9.0,0,S
798,593,0,3,"Elsbury, Mr. William James",male,47.0,0,0,A/5 3902,7.25,0,S
799,516,0,1,"Walker, Mr. William Anderson",male,47.0,0,0,36967,34.0208,D46,S
800,872,1,1,"Beckwith, Mrs. Richard Leonard (Sallie Monypeny)",female,47.0,1,1,11751,52.5542,D35,S
801,133,0,3,"Robins, Mrs. Alexander A (Grace Charity Laury)",female,47.0,1,0,A/5. 3337,14.5,0,S
802,557,1,1,"Duff Gordon, Lady. (Lucille Christiana Sutherland) (""Mrs Morgan"")",female,48.0,1,0,11755,39.6,A16,C
803,772,0,3,"Jensen, Mr. Niels Peder",male,48.0,0,0,350047,7.8542,0,S
804,863,1,1,"Swift, Mrs. Frederick Joel (Margaret Welles Barron)",female,48.0,0,0,17466,25.9292,D17,S
805,755,1,2,"Herman, Mrs. Samuel (Jane Laver)",female,48.0,1,2,220845,65.0,0,S
806,737,0,3,"Ford, Mrs. Edward (Margaret Ann Watson)",female,48.0,1,3,W./C. 6608,34.375,0,S
807,646,1,1,"Harper, Mr. Henry Sleeper",male,48.0,1,0,PC 17572,76.7292,D33,C
808,713,1,1,"Taylor, Mr. Elmer Zebley",male,48.0,1,0,19996,52.0,C126,S
809,461,1,1,"Anderson, Mr. Harry",male,48.0,0,0,19952,26.55,E12,S
810,464,0,2,"Milling, Mr. Jacob Christian",male,48.0,0,0,234360,13.0,0,S
811,699,0,1,"Thayer, Mr. John Borland",male,49.0,1,1,17421,110.8833,C68,C
812,454,1,1,"Goldenberg, Mr. Samuel L",male,49.0,1,0,17453,89.1042,C92,C
813,598,0,3,"Johnson, Mr. Alfred",male,49.0,0,0,LINE,0.0,0,S
814,600,1,1,"Duff Gordon, Sir. Cosmo Edmund (""Mr Morgan"")",male,49.0,1,0,PC 17485,56.9292,A20,C
815,797,1,1,"Leader, Dr. Alice (Farnham)",female,49.0,0,0,17465,25.9292,D17,S
816,53,1,1,"Harper, Mrs. Henry Sleeper (Myna Haxtun)",female,49.0,1,0,PC 17572,76.7292,D33,C
817,178,0,1,"Isham, Miss. Ann Elizabeth",female,50.0,0,0,PC 17595,28.7125,C49,C
818,300,1,1,"Baxter, Mrs. James (Helene DeLaudeniere Chaput)",female,50.0,0,1,PC 17558,247.5208,B58 B60,C
819,459,1,2,"Toomey, Miss. Ellen",female,50.0,0,0,F.C.C. 13531,10.5,0,S
820,661,1,1,"Frauenthal, Dr. Henry William",male,50.0,2,0,PC 17611,133.65,0,S
821,724,0,2,"Hodges, Mr. Henry Price",male,50.0,0,0,250643,13.0,0,S
822,260,1,2,"Parrish, Mrs. (Lutie Davis)",female,50.0,0,1,230433,26.0,0,S
823,545,0,1,"Douglas, Mr. Walter Donald",male,50.0,1,0,PC 17761,106.425,C86,C
824,527,1,2,"Ridsdale, Miss. Lucy",female,50.0,0,0,W./C. 14258,10.5,0,S
825,435,0,1,"Silvey, Mr. William Baird",male,50.0,1,0,13507,55.9,E44,S
826,483,0,3,"Rouse, Mr. Richard Henry",male,50.0,0,0,A/5 3594,8.05,0,S
827,151,0,2,"Bateman, Rev. Robert James",male,51.0,0,0,S.O.P. 1166,12.525,0,S
828,156,0,1,"Williams, Mr. Charles Duane",male,51.0,0,1,PC 17597,61.3792,0,C
829,766,1,1,"Hogeboom, Mrs. John C (Anna Andrews)",female,51.0,1,0,13502,77.9583,D11,S
830,223,0,3,"Green, Mr. George Henry",male,51.0,0,0,21440,8.05,0,S
831,407,0,3,"Widegren, Mr. Carl/Charles Peter",male,51.0,0,0,347064,7.75,0,S
832,858,1,1,"Daly, Mr. Peter Denis ",male,51.0,0,0,113055,26.55,E17,S
833,632,0,3,"Lundahl, Mr. Johan Svensson",male,51.0,0,0,347743,7.0542,0,S
834,263,0,1,"Taussig, Mr. Emil",male,52.0,1,1,110413,79.65,E67,S
835,821,1,1,"Hays, Mrs. Charles Melville (Clara Jennings Gregg)",female,52.0,1,1,12749,93.5,B69,S
836,696,0,2,"Chapman, Mr. Charles Henry",male,52.0,0,0,248731,13.5,0,S
837,450,1,1,"Peuchen, Major. Arthur Godfrey",male,52.0,0,0,113786,30.5,C104,S
838,592,1,1,"Stephenson, Mrs. Walter Bertram (Martha Eustis)",female,52.0,1,0,36947,78.2667,D20,C
839,715,0,2,"Greenberg, Mr. Samuel",male,52.0,0,0,250647,13.0,0,S
840,572,1,1,"Appleton, Mrs. Edward Dale (Charlotte Lamson)",female,53.0,2,0,11769,51.4792,C101,S
841,775,1,2,"Hocking, Mrs. Elizabeth (Eliza Needs)",female,54.0,1,3,29105,23.0,0,S
842,7,0,1,"McCarthy, Mr. Timothy J",male,54.0,0,0,17463,51.8625,E46,S
843,583,0,2,"Downton, Mr. William James",male,54.0,0,0,28403,26.0,0,S
844,125,0,1,"White, Mr. Percival Wayland",male,54.0,0,1,35281,77.2875,D26,S
845,250,0,2,"Carter, Rev. Ernest Courtenay",male,54.0,1,0,244252,26.0,0,S
846,514,1,1,"Rothschild, Mrs. Martin (Elizabeth L. Barrett)",female,54.0,1,0,PC 17603,59.4,0,C
847,318,0,2,"Moraweck, Dr. Ernest",male,54.0,0,0,29011,14.0,0,S
848,497,1,1,"Eustis, Miss. Elizabeth Mussey",female,54.0,1,0,36947,78.2667,D20,C
849,493,0,1,"Molson, Mr. Harry Markland",male,55.0,0,0,113787,30.5,C30,S
850,16,1,2,"Hewlett, Mrs. (Mary D Kingcome) ",female,55.0,0,0,248706,16.0,0,S
851,153,0,3,"Meo, Mr. Alfonzo",male,55.5,0,0,A.5. 11206,8.05,0,S
852,175,0,1,"Smith, Mr. James Clinch",male,56.0,0,0,17764,30.6958,A7,C
853,468,0,1,"Smart, Mr. John Montgomery",male,56.0,0,0,113792,26.55,0,S
854,880,1,1,"Potter, Mrs. Thomas Jr (Lily Alexenia Wilson)",female,56.0,0,1,11767,83.1583,C50,C
855,648,1,1,"Simonius-Blumer, Col. Oberst Alfons",male,56.0,0,0,13213,35.5,A26,C
856,627,0,2,"Kirkland, Rev. Charles Leonard",male,57.0,0,0,219533,12.35,0,Q
857,773,0,2,"Mack, Mrs. (Mary)",female,57.0,0,0,S.O./P.P. 3,10.5,E77,S
858,660,0,1,"Newell, Mr. Arthur Webster",male,58.0,0,2,35273,113.275,D48,C
859,488,0,1,"Kent, Mr. Edward Austin",male,58.0,0,0,11771,29.7,B37,C
860,196,1,1,"Lurette, Miss. Elise",female,58.0,0,0,PC 17569,146.5208,B80,C
861,12,1,1,"Bonnell, Miss. Elizabeth",female,58.0,0,0,113783,26.55,C103,S
862,269,1,1,"Graham, Mrs. William Thompson (Edith Junkins)",female,58.0,0,1,PC 17582,153.4625,C125,S
863,233,0,2,"Sjostedt, Mr. Ernst Adolf",male,59.0,0,0,237442,13.5,0,S
864,95,0,3,"Coxon, Mr. Daniel",male,59.0,0,0,364500,7.25,0,S
865,588,1,1,"Frolicher-Stehli, Mr. Maxmillian",male,60.0,1,1,13567,79.2,B41,C
866,367,1,1,"Warren, Mrs. Frank Manley (Anna Sophia Atkinson)",female,60.0,1,0,110813,75.25,D37,C
867,685,0,2,"Brown, Mr. Thomas William Solomon",male,60.0,1,1,29750,39.0,0,S
868,695,0,1,"Weir, Col. John",male,60.0,0,0,113800,26.55,0,S
869,171,0,1,"Van der hoef, Mr. Wyckoff",male,61.0,0,0,111240,33.5,B19,S
870,327,0,3,"Nysveen, Mr. Johan Hansen",male,61.0,0,0,345364,6.2375,0,S
871,626,0,1,"Sutton, Mr. Frederick",male,61.0,0,0,36963,32.3208,D50,S
872,571,1,2,"Harris, Mr. George",male,62.0,0,0,S.W./PP 752,10.5,0,S
873,830,1,1,"Stone, Mrs. George Nelson (Martha Evelyn)",female,62.0,0,0,113572,80.0,B28,0
874,253,0,1,"Stead, Mr. William Thomas",male,62.0,0,0,113514,26.55,C87,S
875,556,0,1,"Wright, Mr. George",male,62.0,0,0,113807,26.55,0,S
876,276,1,1,"Andrews, Miss. Kornelia Theodosia",female,63.0,1,0,13502,77.9583,D7,S
877,484,1,3,"Turkula, Mrs. (Hedwig)",female,63.0,0,0,4134,9.5875,0,S
878,546,0,1,"Nicholson, Mr. Arthur Ernest",male,64.0,0,0,693,26.0,0,S
879,439,0,1,"Fortune, Mr. Mark",male,64.0,1,4,19950,263.0,C23 C25 C27,S
880,55,0,1,"Ostby, Mr. Engelhart Cornelius",male,65.0,0,1,113509,61.9792,B30,C
881,457,0,1,"Millet, Mr. Francis Davis",male,65.0,0,0,13509,26.55,E38,S
882,281,0,3,"Duane, Mr. Frank",male,65.0,0,0,336439,7.75,0,Q
883,34,0,2,"Wheadon, Mr. Edward H",male,66.0,0,0,C.A. 24579,10.5,0,S
884,746,0,1,"Crosby, Capt. Edward Gifford",male,70.0,1,1,WE/P 5735,71.0,B22,S
885,673,0,2,"Mitchell, Mr. Henry Michael",male,70.0,0,0,C.A. 24580,10.5,0,S
886,117,0,3,"Connors, Mr. Patrick",male,70.5,0,0,370369,7.75,0,Q
887,494,0,1,"Artagaveytia, Mr. Ramon",male,71.0,0,0,PC 17609,49.5042,0,C
888,97,0,1,"Goldschmidt, Mr. George B",male,71.0,0,0,PC 17754,34.6542,A5,C
889,852,0,3,"Svensson, Mr. Johan",male,74.0,0,0,347060,7.775,0,S
890,631,1,1,"Barkworth, Mr. Algernon Henry Wilson",male,80.0,0,0,27042,30.0,A23,S
